character,pinyin,ppm
文,wen2,27057.533172043135
宇,yu3,22547.184224267865
王,wang2,21931.514752124633
李,li3,20969.24616973779
晓,xiao3,20832.430731483742
张,zhang1,19254.49267695367
佳,jia1,16308.400239883069
伟,wei3,16098.61656789352
明,ming2,15829.546205993885
杰,jie2,15305.087026020015
丽,li4,14712.22012691912
刘,liu2,14370.18153128399
志,zhi4,13462.639124198775
华,hua2,13385.11037585481
鹏,peng2,12691.912155367612
婷,ting2,12144.650402351403
玉,yu4,12099.045256266718
林,lin2,11953.108788795727
子,zi,11775.24871906546
海,hai3,11656.675339245281
陈,chen2,11227.98696604925
龙,long2,11104.8530716206
雨,yu3,10958.916604149612
浩,hao4,10940.67454571574
小,xiao3,10516.546687128175
杨,yang2,10502.865143302772
鑫,xin1,10484.623084868897
俊,jun4,10343.247132006376
慧,hui4,10288.520956704755
雪,xue3,9909.998244201875
飞,fei1,9394.660093444943
东,dong1,9303.449801275576
敏,min3,9212.239509106208
欣,xin1,9111.908187719902
超,chao1,9102.787158502966
涛,tao1,8965.971720248912
静,jing4,8856.51936964567
阳,yang2,8820.035252777923
博,bo2,8792.672165127113
建,jian4,8778.990621301708
红,hong2,8687.780329132338
云,yun2,8578.327978529096
辉,hui1,8578.327978529096
金,jin1,8537.28334705288
强,qiang2,8514.480774010539
艳,yan4,8446.073054883513
思,si1,8277.33401437018
国,guo2,8227.168353677029
梦,meng4,8195.24475141775
瑞,rui4,7930.734904126579
泽,ze2,7876.00872882496
军,jun1,7807.601009697934
春,chun1,7711.830202920098
玲,ling2,7702.70917370316
嘉,jia1,7616.059396142261
天,tian1,7502.04653093055
晨,chen2,7433.638811803524
平,ping2,7397.154694935778
成,cheng2,7337.868005025688
亚,ya4,7296.8233735494705
永,yong3,7283.141829724066
峰,feng1,7169.128964512356
新,xin1,7091.600216168392
旭,xu4,7091.600216168392
燕,yan4,6922.861175655061
凯,kai3,6918.300661046592
丹,dan1,6804.287795834883
洋,yang2,6713.077503665513
怡,yi2,6539.777948543714
豪,hao2,6348.23633498804
宁,ning2,6275.268101252545
琪,qi2,6261.58655742714
芳,fang1,6202.29986751705
娟,juan1,6161.255236040834
琳,lin2,6024.439797786782
赵,zhao4,6010.758253961377
雅,ya3,5987.955680919035
霞,xia2,5983.395166310566
颖,ying3,5905.866417966602
梅,mei2,5800.97458197183
昊,hao4,5746.248406670208
倩,qian4,5682.40120215165
周,zhou1,5591.190909982282
波,bo1,5572.948851548408
洁,jie2,5541.0252492891295
君,jun1,5513.662161638319
家,jia1,5481.73855937904
莹,ying2,5436.133413294357
斌,bin1,5417.891354860482
磊,lei3,5413.330840252014
萍,ping2,5326.681062691115
楠,nan2,5217.228712087872
英,ying1,5185.305109828592
宏,hong2,5157.942022177783
亮,liang4,5153.381507569314
娜,na4,5135.13944913544
荣,rong2,5034.808127749136
勇,yong3,5016.566069315262
健,jian4,5012.005554706793
振,zhen4,5007.445040098325
青,qing1,4975.521437839046
庆,qing4,4961.839894013641
吴,wu2,4943.597835579767
星,xing1,4847.82702880193
智,zhi4,4815.903426542651
琦,qi2,4788.540338891841
江,jiang1,4742.935192807156
雯,wen2,4679.087988288598
黄,huang2,4674.52747368013
立,li4,4501.22791855833
清,qing1,4451.062257865177
康,kang1,4423.699170214367
涵,han2,4396.336082563556
翔,xiang2,4382.654538738152
美,mei3,4305.125790394189
凡,fan2,4296.004761177252
徐,xu2,4286.883731960314
世,shi4,4277.762702743377
航,hang2,4254.960129701036
祥,xiang2,4209.354983616351
孙,sun1,4159.189322923198
高,gao1,4154.62880831473
兴,xing1,4145.507779097794
松,song1,4140.947264489325
秀,xiu4,4122.7052060554515
光,guang1,4118.144691446983
晶,jing1,4095.3421184046406
安,an1,4081.660574579236
乐,le4,4072.539545362298
媛,yuan4,4049.736972319956
铭,ming2,4026.9343992776153
德,de2,4022.373884669146
马,ma3,4013.2528554522096
程,cheng2,3985.8897678014
睿,rui4,3985.8897678014
莉,li4,3963.0871947590567
哲,zhe2,3908.3610194574353
洪,hong2,3876.4374171981567
坤,kun1,3871.876902589688
帅,shuai4,3862.755873372752
远,yuan3,3808.0296980711296
源,yuan2,3794.348154245725
正,zheng4,3766.9850665949134
然,ran2,3757.8640373779776
璐,lu4,3730.500949727168
悦,yue4,3712.258891293294
元,yuan2,3666.6537452086095
秋,qiu1,3630.169628340862
朱,zhu1,3625.609113732394
彬,bin1,3616.4880845154566
利,li4,3598.246026081583
轩,xuan1,3580.0039676477095
胡,hu2,3575.443453039241
凤,feng4,3552.640879996899
彦,yan4,3479.672646261404
锋,feng1,3438.628014785188
刚,gang1,3429.506985568252
瑶,yao2,3411.2649271343776
毅,yi4,3347.4177226158204
钰,yu4,3342.857208007352
郭,guo1,3279.0100034887937
艺,yi4,3237.965372012578
学,xue2,3206.0417697532994
冰,bing1,3196.9207405363622
田,tian2,3187.799711319425
方,fang1,3123.952506800867
威,wei1,3110.270962975462
兰,lan2,3092.0289045415884
奇,qi2,3078.3473607161836
恒,heng2,3032.742214631499
聪,cong1,3023.621185414562
胜,sheng4,3014.5001561976255
彤,tong2,2968.8950101129412
琴,qin2,2932.4108932451936
宝,bao3,2918.7293494197884
生,sheng1,2900.487290985915
良,liang2,2845.7611156842936
帆,fan1,2832.079571858889
晴,qing2,2813.8375134250145
维,wei2,2809.2769988165464
卓,zhuo2,2791.0349403826726
鸿,hong2,2786.474425774204
萌,meng2,2772.7928819487993
昕,xin1,2763.671852731862
锦,jin3,2745.429794297989
忠,zhong1,2727.1877358641145
诗,shi1,2704.3851628217726
何,he2,2681.5825897794302
婧,jing4,2681.5825897794302
辰,chen2,2649.6589875201516
广,guang3,2649.6589875201516
珊,shan1,2608.614356043936
心,xin1,2576.690753784657
冬,dong1,2567.56972456772
惠,hui4,2494.6014908322254
欢,huan1,2485.4804616152887
妍,yan2,2467.2384031814154
霖,lin2,2462.6778885729464
菲,fei1,2448.9963447475416
淑,shu1,2444.435830139073
珍,zhen1,2444.435830139073
迪,di2,2435.314800922136
茹,ru2,2417.0727424882625
大,da4,2398.8306840543887
梓,zi3,2380.5886256205154
璇,xuan2,2371.467596403578
孟,meng4,2371.467596403578
扬,yang2,2366.9070817951097
玮,wei3,2362.3465671866416
可,ke3,2362.3465671866416
梁,liang2,2344.104508752768
馨,xin1,2344.104508752768
武,wu3,2325.862450318894
民,min2,2316.7414211019573
森,sen1,2307.62039188502
少,shao3,2293.938848059615
兵,bing1,2271.136275017273
郑,zheng4,2243.7731873664625
逸,yi4,2234.652158149526
雄,xiong2,2207.2890704987153
昌,chang1,2202.7285558902468
栋,dong4,2198.168041281778
紫,zi3,2189.0470120648406
培,pei2,2166.244439022499
政,zheng4,2152.5628951970943
雷,lei2,2152.5628951970943
蓉,rong2,2148.002380588626
罗,luo2,2148.002380588626
肖,xiao4,2138.8813513716887
越,yue4,2134.32083676322
炜,wei3,2134.32083676322
若,ruo4,2125.199807546284
剑,jian4,2120.6392929378153
岩,yan2,2106.9577491124096
露,lu4,2097.8367198954734
娇,jiao1,2088.715690678536
蕾,lei3,2084.1551760700677
达,da2,2070.4736322446624
靖,jing4,2061.3526030277258
润,run4,2061.3526030277258
叶,ye4,2056.792088419257
皓,hao4,2052.2315738107886
力,li4,2052.2315738107886
川,chuan1,2029.4290007684467
书,shu1,2024.8684861599784
启,qi3,2020.30797155151
朝,chao2,2006.6264277261048
景,jing3,2006.6264277261048
薇,wei1,2002.065913117636
瑜,yu2,1997.5053985091677
福,fu2,1992.9448839006996
硕,shuo4,1988.3843692922312
苏,su1,1974.7028254668255
奕,yi4,1961.0212816414207
锐,rui4,1961.0212816414207
舒,shu1,1947.3397378160153
山,shan1,1947.3397378160153
宗,zong1,1933.6581939906096
韩,han2,1933.6581939906096
长,zhang3,1929.0976793821417
双,shuang1,1906.2951063397993
煜,yu4,1901.7345917313312
丁,ding1,1897.1740771228624
茜,qian4,1878.9320186889888
凌,ling2,1878.9320186889888
夏,xia4,1874.3715040805205
群,qun2,1869.810989472052
宋,song4,1865.2504748635836
科,ke1,1860.6899602551152
如,ru2,1860.6899602551152
卫,wei4,1837.8873872127729
耀,yao4,1833.3268726043048
义,yi4,1833.3268726043048
贤,xian2,1819.6453287788995
进,jin4,1769.4796680857469
潇,xiao1,1769.4796680857469
唐,tang2,1760.35863886881
琼,qiong2,1746.6770950434047
苗,miao2,1737.5560658264678
爱,ai4,1723.8745220010626
曹,cao2,1719.314007392594
冯,feng2,1714.753492784126
吉,ji2,1710.1929781756573
许,xu3,1705.6324635671888
谢,xie4,1696.511434350252
任,ren4,1691.9509197417835
羽,yu3,1687.3904051333154
晗,han2,1687.3904051333154
继,ji4,1682.8298905248469
园,yuan2,1682.8298905248469
南,nan2,1678.2693759163783
桂,gui4,1678.2693759163783
妮,ni1,1673.7088613079102
万,wan4,1673.7088613079102
顺,shun4,1664.587832090973
昱,yu4,1664.587832090973
香,xiang1,1650.9062882655678
腾,teng2,1646.3457736570995
爽,shuang3,1641.7852590486311
虎,hu3,1637.2247444401626
仁,ren2,1614.4221713978206
男,nan2,1614.4221713978206
余,yu2,1600.7406275724152
玥,yue4,1582.4985691385416
彭,peng2,1577.9380545300733
董,dong3,1577.9380545300733
兆,zhao4,1568.8170253131364
希,xi1,1564.256510704668
真,zhen1,1523.2118792284523
袁,yuan2,1509.530335403047
婉,wan3,1504.9698207945785
丰,feng1,1504.9698207945785
珂,ke1,1500.40930618611
会,hui4,1495.8487915776416
路,lu4,1491.2882769691732
鸣,ming2,1486.7277623607047
石,shi2,1482.1672477522363
杜,du4,1477.606733143768
虹,hong2,1463.9251893183628
曦,xi1,1459.3646747098942
芬,fen1,1459.3646747098942
晖,hui1,1454.8041601014259
恩,en1,1450.2436454929575
冉,ran3,1450.2436454929575
传,chuan2,1441.1226162760206
全,quan2,1441.1226162760206
茂,mao4,1441.1226162760206
柳,liu3,1441.1226162760206
禹,yu3,1436.562101667552
吕,lv3,1436.562101667552
畅,chang4,1436.562101667552
树,shu4,1436.562101667552
蕊,rui3,1432.0015870590837
花,hua1,1427.4410724506154
银,yin2,1413.7595286252101
开,kai1,1413.7595286252101
贺,he4,1404.6384994082732
佩,pei4,1390.956955582868
甜,tian2,1386.3964409743996
承,cheng2,1386.3964409743996
魏,wei4,1381.835926365931
诚,cheng2,1377.2754117574625
富,fu4,1377.2754117574625
敬,jing4,1372.7148971489944
盛,sheng4,1359.0333533235892
白,bai2,1354.4728387151206
先,xian1,1340.7912948897153
邓,deng4,1336.2307802812468
贵,gui4,1331.6702656727787
圆,yuan2,1327.10975106431
桐,tong2,1327.10975106431
朋,peng2,1322.5492364558415
仪,yi2,1317.9887218473732
延,yan2,1313.4282072389049
彩,cai3,1313.4282072389049
齐,qi2,1308.8676926304363
友,you3,1308.8676926304363
蒋,jiang3,1304.307178021968
翠,cui4,1304.307178021968
曾,ceng2,1295.1861488050313
依,yi1,1281.504604979626
笑,xiao4,1281.504604979626
尚,shang4,1276.9440903711575
淼,miao3,1276.9440903711575
灵,ling2,1272.3835757626891
潘,pan1,1263.2625465457522
尧,yao2,1263.2625465457522
曼,man4,1263.2625465457522
权,quan2,1258.7020319372837
烨,ye4,1258.7020319372837
巧,qiao3,1254.1415173288156
琛,chen1,1249.581002720347
旺,wang4,1249.581002720347
芸,yun2,1245.0204881118784
钟,zhong1,1245.0204881118784
婕,jie2,1235.8994588949417
姜,jiang1,1231.3389442864732
崔,cui1,1226.778429678005
灿,can4,1217.657400461068
震,zhen4,1217.657400461068
秦,qin2,1203.9758566356627
祺,qi2,1203.9758566356627
黎,li2,1199.4153420271944
士,shi4,1199.4153420271944
冠,guan1,1194.854827418726
跃,yue4,1194.854827418726
萱,xuan1,1190.2943128102575
楚,chu3,1190.2943128102575
汪,wang1,1185.733798201789
柯,ke1,1176.6127689848522
莎,sha1,1172.0522543763839
泉,quan2,1167.4917397679155
范,fan4,1162.931225159447
圣,sheng4,1158.3707105509786
韬,tao1,1153.81019594251
沛,pei4,1149.2496813340417
瑾,jin3,1140.1286521171048
章,zhang1,1135.5681375086365
付,fu4,1126.4471082916996
发,fa1,1121.8865936832312
沈,shen3,1121.8865936832312
治,zhi4,1112.7655644662943
莲,lian2,1108.205049857826
骏,jun4,1094.5235060324205
洲,zhou1,1080.8419622070153
裕,yu4,1076.2814475985472
益,yi4,1076.2814475985472
姚,yao2,1071.7209329900786
克,ke4,1067.16041838161
盼,pan4,1062.599903773142
喜,xi3,1062.599903773142
蔡,cai4,1058.0393891646734
绍,shao4,1058.0393891646734
竹,zhu2,1053.4788745562048
卿,qing1,1053.4788745562048
贝,bei4,1048.9183599477367
贾,jia3,1048.9183599477367
熙,xi1,1048.9183599477367
蒙,meng2,1039.7973307307996
卢,lu2,1039.7973307307996
运,yun4,1039.7973307307996
业,ye4,1035.2368161223312
岳,yue4,1021.5552722969262
乔,qiao2,1021.5552722969262
柏,bai3,1016.9947576884576
昭,zhao1,1016.9947576884576
宜,yi2,1012.4342430799891
晋,jin4,1012.4342430799891
童,tong2,1012.4342430799891
升,sheng1,1007.8737284715208
侯,hou2,1007.8737284715208
常,chang2,1003.3132138630522
廷,ting2,1003.3132138630522
京,jing1,1003.3132138630522
菁,jing1,994.1921846461155
城,cheng2,994.1921846461155
巍,wei1,989.631670037647
尹,yin3,975.9501262122418
才,cai2,975.9501262122418
汉,han4,971.3896116037733
钊,zhao1,971.3896116037733
勤,qin2,953.1475531698997
钦,qin1,948.5870385614313
素,su4,944.0265239529629
伦,lun2,934.905494736026
姗,shan1,934.905494736026
乾,qian2,925.7844655190892
芝,zhi1,925.7844655190892
姣,jiao1,925.7844655190892
加,jia1,925.7844655190892
史,shi3,916.6634363021524
陆,lu4,916.6634363021524
寒,han2,907.5424070852154
连,lian2,907.5424070852154
孝,xiao4,902.9818924767472
太,tai4,898.4213778682787
捷,jie2,889.3003486513418
瀚,han4,889.3003486513418
原,yuan2,889.3003486513418
泓,hong2,884.7398340428734
保,bao3,884.7398340428734
礼,li3,880.179319434405
格,ge2,880.179319434405
伊,yi1,875.6188048259365
迎,ying2,871.0582902174682
风,feng1,871.0582902174682
熊,xiong2,866.4977756089997
纪,ji4,866.4977756089997
易,yi4,861.9372610005314
邹,zou1,861.9372610005314
展,zhan3,857.376746392063
姝,shu1,852.8162317835944
彪,biao1,848.255717175126
菊,ju2,848.255717175126
湘,xiang1,843.6952025666577
淇,qi2,843.6952025666577
宸,chen2,839.1346879581891
蔚,wei4,834.5741733497208
盈,ying2,834.5741733497208
同,tong2,834.5741733497208
霄,xiao1,830.0136587412524
斯,si1,830.0136587412524
弘,hong2,830.0136587412524
祎,yi1,825.453144132784
钧,jun1,816.3321149158472
隆,long2,816.3321149158472
懿,yi4,816.3321149158472
增,zeng1,811.7716003073785
陶,tao2,798.0900564819734
炳,bing3,798.0900564819734
意,yi4,798.0900564819734
晟,cheng2,798.0900564819734
祖,zu3,793.529541873505
昆,kun1,793.529541873505
岚,lan2,793.529541873505
娅,ya4,788.9690272650366
言,yan2,788.9690272650366
喆,zhe2,784.4085126565682
鲁,lu3,784.4085126565682
薛,xue1,784.4085126565682
信,xin4,779.8479980480997
谭,tan2,775.2874834396314
闫,yan2,775.2874834396314
育,yu4,770.7269688311628
仕,shi4,770.7269688311628
赛,sai4,770.7269688311628
亦,yi4,766.1664542226944
木,mu4,766.1664542226944
廖,liao4,761.6059396142261
通,tong1,761.6059396142261
珠,zhu1,761.6059396142261
驰,chi2,757.0454250057576
道,dao4,757.0454250057576
段,duan4,757.0454250057576
翰,han4,752.4849103972892
滨,bin1,752.4849103972892
鹤,he4,738.803366571884
儒,ru2,738.803366571884
语,yu3,734.2428519634155
麟,lin2,729.6823373549472
碧,bi4,729.6823373549472
西,xi1,725.1218227464788
容,rong2,725.1218227464788
钱,qian2,720.5613081380103
泰,tai4,720.5613081380103
代,dai4,720.5613081380103
严,yan2,716.0007935295419
焕,huan4,716.0007935295419
邵,shao4,716.0007935295419
毓,yu4,716.0007935295419
自,zi4,711.4402789210734
炎,yan2,711.4402789210734
申,shen1,711.4402789210734
崇,chong2,706.8797643126051
微,wei1,706.8797643126051
蓓,bei4,702.3192497041366
娴,xian2,702.3192497041366
奥,ao4,697.7587350956682
含,han2,693.1982204871998
臻,zhen1,693.1982204871998
颜,yan2,688.6377058787313
雁,yan4,684.0771912702629
芹,qin2,684.0771912702629
壮,zhuang4,684.0771912702629
郝,hao3,684.0771912702629
阿,a1,684.0771912702629
相,xiang1,679.5166766617946
怀,huai2,674.956162053326
令,ling4,670.3956474448577
奎,kui2,665.8351328363893
顾,gu4,665.8351328363893
韦,wei2,661.2746182279208
善,shan4,661.2746182279208
攀,pan1,661.2746182279208
根,gen1,656.7141036194524
登,deng1,656.7141036194524
冲,chong1,656.7141036194524
存,cun2,656.7141036194524
纯,chun2,656.7141036194524
牛,niu2,652.153589010984
渊,yuan1,652.153589010984
守,shou3,647.5930744025156
轶,yi4,643.0325597940472
舟,zhou1,643.0325597940472
榕,rong2,643.0325597940472
津,jin1,643.0325597940472
邱,qiu1,643.0325597940472
水,shui3,638.4720451855787
尔,er3,638.4720451855787
占,zhan4,638.4720451855787
显,xian3,638.4720451855787
仲,zhong4,629.3510159686418
猛,meng3,629.3510159686418
珺,jun4,629.3510159686418
修,xiu1,629.3510159686418
照,zhao4,629.3510159686418
亭,ting2,629.3510159686418
孔,kong3,624.7905013601735
芮,rui4,620.2299867517052
恺,kai3,620.2299867517052
沁,qin4,620.2299867517052
毛,mao2,620.2299867517052
筱,xiao3,615.6694721432366
斐,fei3,615.6694721432366
坚,jian1,615.6694721432366
宣,xuan1,611.1089575347683
应,ying1,606.5484429262998
昂,ang2,606.5484429262998
庭,ting2,606.5484429262998
戴,dai4,601.9879283178313
峻,jun4,601.9879283178313
基,ji1,601.9879283178313
臣,chen2,588.3063844924261
谦,qian1,588.3063844924261
欧,ou1,588.3063844924261
本,ben3,583.7458698839578
野,ye3,583.7458698839578
韵,yun4,583.7458698839578
影,ying3,579.1853552754893
寅,yin2,579.1853552754893
啸,xiao4,579.1853552754893
诺,nuo4,579.1853552754893
施,shi1,579.1853552754893
焱,yan4,574.6248406670209
邦,bang1,570.0643260585524
杭,hang2,570.0643260585524
前,qian2,565.5038114500841
垚,yao2,565.5038114500841
龚,gong1,565.5038114500841
傲,ao4,560.9432968416156
晔,ye4,560.9432968416156
理,li3,556.3827822331472
名,ming2,556.3827822331472
瑛,ying1,551.8222676246788
枫,feng1,551.8222676246788
俞,yu2,551.8222676246788
艾,ai4,547.2617530162103
柱,zhu4,547.2617530162103
樊,fan2,542.7012384077419
歌,ge1,538.1407237992736
郎,lang2,533.580209190805
伯,bo2,533.580209190805
勋,xun1,533.580209190805
宽,kuan1,529.0196945823367
琨,kun1,529.0196945823367
赫,he4,524.4591799738683
旋,xuan2,524.4591799738683
果,guo3,524.4591799738683
汤,tang1,519.8986653653998
铮,zheng1,519.8986653653998
久,jiu3,510.77763614846305
淳,chun2,510.77763614846305
骁,xiao1,510.77763614846305
均,jun1,510.77763614846305
添,tian1,510.77763614846305
仙,xian1,506.21712153999454
琰,yan3,506.21712153999454
乃,nai3,501.65660693152614
时,shi2,501.65660693152614
翼,yi4,501.65660693152614
芷,zhi3,492.5355777145893
池,chi2,492.5355777145893
楷,kai3,487.9750631061209
季,ji4,483.4145484976525
钢,gang1,483.4145484976525
非,fei1,483.4145484976525
杉,shan1,483.4145484976525
定,ding4,478.85403388918405
卉,hui4,478.85403388918405
温,wen1,474.29351928071566
满,man3,474.29351928071566
予,yu3,469.7330046722472
夫,fu1,469.7330046722472
滢,ying2,465.1724900637788
劲,jin4,460.6119754553104
昀,yun2,456.05146084684185
闯,chuang3,456.05146084684185
遥,yao2,456.05146084684185
经,jing1,456.05146084684185
绪,xu4,446.9304316299051
旻,min2,446.9304316299051
葛,ge2,446.9304316299051
伍,wu3,446.9304316299051
品,pin3,442.3699170214368
麒,qi2,442.3699170214368
幸,xing4,442.3699170214368
邢,xing2,442.3699170214368
司,si1,437.80940241296827
玺,xi3,437.80940241296827
谷,gu3,437.80940241296827
茗,ming2,433.24888780449993
里,li3,433.24888780449993
征,zheng1,433.24888780449993
桃,tao2,433.24888780449993
倪,ni2,428.6883731960314
桥,qiao2,428.6883731960314
师,shi1,424.127858587563
功,gong1,424.127858587563
汝,ru3,419.5673439790946
峥,zheng1,419.5673439790946
闻,wen2,419.5673439790946
铁,tie3,419.5673439790946
泳,yong3,419.5673439790946
耿,geng3,419.5673439790946
多,duo1,419.5673439790946
锴,kai3,415.0068293706262
丛,cong2,415.0068293706262
环,huan2,415.0068293706262
妤,yu2,415.0068293706262
沙,sha1,415.0068293706262
蓝,lan2,415.0068293706262
衡,heng2,415.0068293706262
贞,zhen1,415.0068293706262
熠,yi4,410.4463147621578
宾,bin1,410.4463147621578
郁,yu4,405.8858001536894
佑,you4,405.8858001536894
致,zhi4,405.8858001536894
镇,zhen4,401.32528554522094
举,ju3,401.32528554522094
烁,shuo4,396.7647709367525
妹,mei4,396.7647709367525
莫,mo4,392.2042563282841
娥,e2,392.2042563282841
河,he2,392.2042563282841
宪,xian4,392.2042563282841
溪,xi1,387.6437417198157
棋,qi2,387.6437417198157
屹,yi4,387.6437417198157
殷,yin1,383.0832271113472
唯,wei2,378.5227125028788
霜,shuang1,378.5227125028788
朗,lang3,378.5227125028788
关,guan1,378.5227125028788
鼎,ding3,378.5227125028788
苑,yuan4,378.5227125028788
璟,jing3,378.5227125028788
映,ying4,378.5227125028788
澳,ao4,373.9621978944104
知,zhi1,373.9621978944104
灏,hao4,373.9621978944104
霏,fei1,373.9621978944104
标,biao1,373.9621978944104
好,hao3,373.9621978944104
印,yin4,373.9621978944104
祝,zhu4,373.9621978944104
厚,hou4,369.401683285942
桦,hua4,369.401683285942
衍,yan3,369.401683285942
芊,qian1,369.401683285942
普,pu3,369.401683285942
婵,chan2,369.401683285942
典,dian3,364.8411686774736
丞,cheng2,364.8411686774736
恬,tian2,364.8411686774736
锡,xi1,364.8411686774736
杏,xing4,364.8411686774736
渝,yu2,364.8411686774736
铖,cheng2,360.28065406900515
聂,nie4,360.28065406900515
菡,han4,360.28065406900515
焦,jiao1,360.28065406900515
音,yin1,355.7201394605367
游,you2,355.7201394605367
哈,ha1,355.7201394605367
合,he2,351.1596248520683
祯,zhen1,351.1596248520683
竞,jing4,351.1596248520683
咏,yong3,351.1596248520683
召,zhao4,351.1596248520683
念,nian4,346.5991102435999
儿,er2,346.5991102435999
戈,ge1,346.5991102435999
豆,dou4,346.5991102435999
允,yun3,346.5991102435999
营,ying2,342.03859563513146
法,fa3,342.03859563513146
歆,xin1,342.03859563513146
庞,pang2,342.03859563513146
侠,xia2,342.03859563513146
辛,xin1,337.478081026663
炫,xuan4,337.478081026663
能,neng2,332.91756641819467
伶,ling2,332.91756641819467
誉,yu4,332.91756641819467
桢,zhen1,328.3570518097262
枝,zhi1,328.3570518097262
港,gang3,323.7965372012578
俐,li4,323.7965372012578
井,jing3,323.7965372012578
左,zuo3,319.23602259278937
晏,yan4,319.23602259278937
蝶,die2,319.23602259278937
介,jie4,319.23602259278937
庄,zhuang1,319.23602259278937
柔,rou2,314.6755079843209
曲,qu1,314.6755079843209
望,wang4,314.6755079843209
拓,tuo4,314.6755079843209
潮,chao2,314.6755079843209
墨,mo4,310.1149933758526
靓,jing4,310.1149933758526
纬,wei3,310.1149933758526
浪,lang4,310.1149933758526
策,ce4,310.1149933758526
滔,tao1,305.5544787673841
甲,jia3,305.5544787673841
珏,jue2,305.5544787673841
财,cai2,305.5544787673841
重,zhong4,305.5544787673841
佐,zuo3,305.5544787673841
姿,zi1,305.5544787673841
舜,shun4,305.5544787673841
键,jian4,305.5544787673841
傅,fu4,305.5544787673841
米,mi3,300.9939641589157
翟,di2,300.9939641589157
堂,tang2,300.9939641589157
古,gu3,300.9939641589157
铎,duo2,300.9939641589157
凝,ning2,300.9939641589157
北,bei3,296.4334495504473
秉,bing3,296.4334495504473
包,bao1,296.4334495504473
芯,xin1,296.4334495504473
悠,you1,296.4334495504473
妙,miao4,296.4334495504473
喻,yu4,296.4334495504473
禄,lu4,291.8729349419789
忆,yi4,291.8729349419789
缘,yuan2,291.8729349419789
旗,qi2,291.8729349419789
单,dan1,291.8729349419789
翊,yi4,291.8729349419789
译,yi4,291.8729349419789
溢,yi4,291.8729349419789
煌,huang2,291.8729349419789
澜,lan2,291.8729349419789
祁,qi2,287.31242033351043
汇,hui4,287.31242033351043
彧,yu4,287.31242033351043
骞,qian1,287.31242033351043
烽,feng1,282.75190572504204
昶,chang3,282.75190572504204
铃,ling2,282.75190572504204
实,shi2,278.1913911165736
媚,mei4,278.1913911165736
柴,chai2,278.1913911165736
韶,shao2,273.63087650810513
寿,shou4,273.63087650810513
嵩,song1,273.63087650810513
丙,bing3,273.63087650810513
初,chu1,273.63087650810513
挺,ting3,269.0703618996368
岑,cen2,269.0703618996368
汶,wen4,269.0703618996368
献,xian4,269.0703618996368
拉,la1,269.0703618996368
沐,mu4,269.0703618996368
覃,tan2,269.0703618996368
绮,qi3,269.0703618996368
济,ji4,269.0703618996368
鸽,ge1,269.0703618996368
锟,kun1,264.50984729116834
深,shen1,264.50984729116834
嫣,yan1,264.50984729116834
胤,yin4,264.50984729116834
煊,xuan1,264.50984729116834
州,zhou1,264.50984729116834
豫,yu4,264.50984729116834
璞,pu2,264.50984729116834
岭,ling3,264.50984729116834
特,te4,264.50984729116834
毕,bi4,264.50984729116834
函,han2,259.9493326826999
创,chuang4,259.9493326826999
孜,zi1,259.9493326826999
呈,cheng2,259.9493326826999
荷,he2,259.9493326826999
繁,fan2,259.9493326826999
炯,jiong3,255.38881807423152
旸,yang2,255.38881807423152
稳,wen3,255.38881807423152
乙,yi3,255.38881807423152
娣,di4,255.38881807423152
慈,ci2,255.38881807423152
直,zhi2,255.38881807423152
蕴,yun4,250.82830346576307
曙,shu3,250.82830346576307
声,sheng1,250.82830346576307
研,yan2,250.82830346576307
轲,ke1,250.82830346576307
魁,kui2,246.26778885729465
裴,pei2,246.26778885729465
村,cun1,246.26778885729465
苹,ping2,246.26778885729465
由,you2,241.70727424882625
藤,teng2,241.70727424882625
芃,peng2,241.70727424882625
笛,di2,241.70727424882625
茵,yin1,241.70727424882625
禾,he2,241.70727424882625
朔,shuo4,241.70727424882625
响,xiang3,237.14675964035783
珈,jia1,237.14675964035783
澄,cheng2,237.14675964035783
布,bu4,237.14675964035783
燚,yi4,232.5862450318894
靳,jin4,232.5862450318894
漫,man4,232.5862450318894
慕,mu4,232.5862450318894
融,rong2,232.5862450318894
琬,wan3,228.02573042342095
阮,ruan3,228.02573042342095
瑄,xuan1,228.02573042342095
勃,bo2,228.02573042342095
甫,fu3,228.02573042342095
玄,xuan2,228.02573042342095
庚,geng1,228.02573042342095
骥,ji4,223.46521581495256
阁,ge2,223.46521581495256
赖,lai4,223.46521581495256
洛,luo4,223.46521581495256
甘,gan1,223.46521581495256
管,guan3,223.46521581495256
战,zhan4,223.46521581495256
淞,song1,223.46521581495256
盟,meng2,218.90470120648416
冀,ji4,218.90470120648416
宛,wan3,218.90470120648416
阔,kuo4,218.90470120648416
萧,xiao1,218.90470120648416
公,gong1,218.90470120648416
房,fang2,214.34418659801577
骆,luo4,214.34418659801577
翀,chong1,214.34418659801577
争,zheng1,214.34418659801577
必,bi4,214.34418659801577
殿,dian4,209.7836719895473
牧,mu4,209.7836719895473
效,xiao4,209.7836719895473
嵘,rong2,205.2231573810789
珩,hang2,205.2231573810789
述,shu4,200.66264277261047
席,xi2,200.66264277261047
俏,qiao4,200.66264277261047
迅,xun4,200.66264277261047
霍,huo4,200.66264277261047
赐,ci4,200.66264277261047
奔,ben1,200.66264277261047
尤,you2,196.10212816414204
现,xian4,196.10212816414204
涌,yong3,196.10212816414204
澍,shu4,196.10212816414204
霆,ting2,196.10212816414204
官,guan1,196.10212816414204
暄,xuan1,196.10212816414204
蔓,man4,196.10212816414204
岐,qi2,196.10212816414204
留,liu2,196.10212816414204
玫,mei2,191.5416135556736
鉴,jian4,191.5416135556736
密,mi4,191.5416135556736
放,fang4,191.5416135556736
璨,can4,191.5416135556736
提,ti2,191.5416135556736
枭,xiao1,191.5416135556736
见,jian4,191.5416135556736
改,gai3,191.5416135556736
蕙,hui4,191.5416135556736
熹,xi1,186.9810989472052
颢,hao4,186.9810989472052
桓,huan2,186.9810989472052
窦,dou4,186.9810989472052
镜,jing4,186.9810989472052
沅,yuan2,186.9810989472052
央,yang1,186.9810989472052
情,qing2,186.9810989472052
党,dang3,186.9810989472052
詹,zhan1,186.9810989472052
泊,po1,186.9810989472052
隽,juan4,186.9810989472052
赞,zan4,182.4205843387368
解,jie3,182.4205843387368
翁,weng1,182.4205843387368
屈,qu1,182.4205843387368
苇,wei3,182.4205843387368
砚,yan4,177.86006973026835
栩,xu3,177.86006973026835
化,hua4,177.86006973026835
领,ling3,177.86006973026835
奈,nai4,177.86006973026835
羿,yi4,177.86006973026835
选,xuan3,177.86006973026835
优,you1,173.29955512179995
至,zhi4,173.29955512179995
璠,fan2,173.29955512179995
牟,mou2,173.29955512179995
浚,jun4,173.29955512179995
筠,yun2,173.29955512179995
饶,rao2,173.29955512179995
逢,feng2,173.29955512179995
吟,yin2,168.7390405133315
校,xiao4,168.7390405133315
亨,heng1,168.7390405133315
荟,hui4,168.7390405133315
植,zhi2,168.7390405133315
徽,hui1,168.7390405133315
未,wei4,168.7390405133315
榆,yu2,168.7390405133315
骐,qi2,164.1785259048631
坡,po1,164.1785259048631
众,zhong4,164.1785259048631
宫,gong1,164.1785259048631
淦,gan4,164.1785259048631
燊,shen1,164.1785259048631
卜,bo,164.1785259048631
巴,ba1,164.1785259048631
垒,lei3,164.1785259048631
赢,ying2,164.1785259048631
谊,yi4,159.61801129639468
淋,lin2,159.61801129639468
燃,ran2,159.61801129639468
尘,chen2,159.61801129639468
鲍,bao4,159.61801129639468
吾,wu2,159.61801129639468
鲜,xian1,159.61801129639468
巩,gong3,159.61801129639468
滕,teng2,159.61801129639468
习,xi2,159.61801129639468
夕,xi1,159.61801129639468
敦,dun1,155.0574966879263
符,fu2,155.0574966879263
今,jin1,155.0574966879263
观,guan1,155.0574966879263
姬,ji1,155.0574966879263
联,lian2,155.0574966879263
澎,peng1,150.49698207945784
端,duan1,150.49698207945784
冷,leng3,150.49698207945784
麻,ma2,150.49698207945784
临,lin2,150.49698207945784
竣,jun4,150.49698207945784
宙,zhou4,150.49698207945784
樱,ying1,150.49698207945784
流,liu2,150.49698207945784
岗,gang3,150.49698207945784
又,you4,145.93646747098944
弟,di4,145.93646747098944
颂,song4,145.93646747098944
鹿,lu4,145.93646747098944
罡,gang1,145.93646747098944
惟,wei2,145.93646747098944
谨,jin3,145.93646747098944
曜,yao4,145.93646747098944
薪,xin1,145.93646747098944
侃,kan3,145.93646747098944
岱,dai4,145.93646747098944
麦,mai4,145.93646747098944
炼,lian4,145.93646747098944
潞,lu4,141.37595286252102
旦,dan4,141.37595286252102
耘,yun2,141.37595286252102
湖,hu2,141.37595286252102
霁,ji4,141.37595286252102
则,ze2,141.37595286252102
馥,fu4,141.37595286252102
楼,lou2,141.37595286252102
步,bu4,141.37595286252102
朵,duo3,141.37595286252102
费,fei4,141.37595286252102
闪,shan3,141.37595286252102
居,ju1,136.81543825405257
巨,ju4,136.81543825405257
耕,geng1,136.81543825405257
默,mo4,136.81543825405257
纳,na4,136.81543825405257
桑,sang1,136.81543825405257
蒲,pu2,136.81543825405257
龄,ling2,136.81543825405257
晚,wan3,136.81543825405257
骄,jiao1,136.81543825405257
潼,tong2,136.81543825405257
项,xiang4,136.81543825405257
图,tu2,136.81543825405257
擎,qing2,136.81543825405257
佟,tong2,136.81543825405257
穆,mu4,136.81543825405257
委,wei3,136.81543825405257
革,ge2,136.81543825405257
尊,zun1,132.25492364558417
壹,yi1,132.25492364558417
烜,xuan3,132.25492364558417
珑,long2,132.25492364558417
弋,yi4,132.25492364558417
旖,yi3,132.25492364558417
卡,ka3,132.25492364558417
戚,qi1,132.25492364558417
莺,ying1,132.25492364558417
干,gan4,132.25492364558417
煦,xu4,132.25492364558417
鱼,yu2,132.25492364558417
廉,lian2,132.25492364558417
玛,ma3,132.25492364558417
荆,jing1,132.25492364558417
衣,yi1,132.25492364558417
璋,zhang1,132.25492364558417
柠,ning2,132.25492364558417
商,shang1,132.25492364558417
淏,hao4,132.25492364558417
尉,wei4,132.25492364558417
淮,huai2,127.69440903711576
车,che1,127.69440903711576
祉,zhi3,127.69440903711576
斗,dou4,127.69440903711576
涂,tu2,127.69440903711576
棠,tang2,127.69440903711576
敖,ao2,127.69440903711576
草,cao3,127.69440903711576
劭,shao4,127.69440903711576
烈,lie4,127.69440903711576
羊,yang2,127.69440903711576
鸥,ou1,127.69440903711576
缪,mou2,127.69440903711576
首,shou3,127.69440903711576
律,lv4,127.69440903711576
漪,yi1,127.69440903711576
洵,xun2,123.13389442864732
球,qiu2,123.13389442864732
朦,meng2,123.13389442864732
练,lian4,123.13389442864732
雍,yong1,123.13389442864732
愿,yuan4,123.13389442864732
焜,kun1,123.13389442864732
禧,xi3,123.13389442864732
点,dian3,123.13389442864732
骅,hua2,123.13389442864732
鲲,kun1,123.13389442864732
芙,fu2,123.13389442864732
妃,fei1,123.13389442864732
边,bian1,123.13389442864732
彰,zhang1,118.57337982017891
倍,bei4,118.57337982017891
珲,hui1,118.57337982017891
迟,chi2,118.57337982017891
愉,yu2,118.57337982017891
尼,ni2,118.57337982017891
浦,pu3,118.57337982017891
哉,zai1,118.57337982017891
续,xu4,118.57337982017891
俭,jian3,118.57337982017891
玟,wen2,118.57337982017891
谕,yu4,118.57337982017891
忻,xin1,118.57337982017891
农,nong2,118.57337982017891
午,wu3,118.57337982017891
奉,feng4,118.57337982017891
朴,pu3,118.57337982017891
铠,kai3,118.57337982017891
转,zhuan3,114.01286521171048
咪,mi1,114.01286521171048
菜,cai4,114.01286521171048
骋,cheng3,114.01286521171048
郡,jun4,114.01286521171048
鞠,ju1,114.01286521171048
帮,bang1,114.01286521171048
训,xun4,114.01286521171048
热,re4,114.01286521171048
火,huo3,114.01286521171048
葳,wei1,114.01286521171048
玖,jiu3,114.01286521171048
纲,gang1,114.01286521171048
栗,li4,114.01286521171048
伸,shen1,114.01286521171048
谋,mou2,114.01286521171048
慎,shen4,114.01286521171048
仓,cang1,114.01286521171048
储,chu3,114.01286521171048
伏,fu2,109.45235060324207
锁,suo3,109.45235060324207
细,xi4,109.45235060324207
贻,yi2,109.45235060324207
羚,ling2,109.45235060324207
珉,min2,109.45235060324207
愚,yu2,109.45235060324207
皎,jiao3,109.45235060324207
索,suo3,109.45235060324207
竟,jing4,109.45235060324207
积,ji1,109.45235060324207
铸,zhu4,109.45235060324207
努,nu3,109.45235060324207
简,jian3,109.45235060324207
鋆,yun2,109.45235060324207
侨,qiao2,109.45235060324207
蓬,peng2,109.45235060324207
粤,yue4,109.45235060324207
崧,song1,109.45235060324207
箫,xiao1,109.45235060324207
臧,zang1,109.45235060324207
湛,zhan4,109.45235060324207
渤,bo2,109.45235060324207
翎,ling2,109.45235060324207
帝,di4,109.45235060324207
际,ji4,109.45235060324207
术,shu4,104.89183599477364
统,tong3,104.89183599477364
邬,wu1,104.89183599477364
引,yin3,104.89183599477364
汀,ting1,104.89183599477364
采,cai3,104.89183599477364
查,cha2,104.89183599477364
仇,chou2,104.89183599477364
怿,yi4,104.89183599477364
圭,gui1,104.89183599477364
幼,you4,104.89183599477364
沂,yi2,104.89183599477364
旎,ni3,104.89183599477364
狄,di2,104.89183599477364
序,xu4,100.33132138630523
滋,zi1,100.33132138630523
圳,zhen4,100.33132138630523
梨,li2,100.33132138630523
迁,qian1,100.33132138630523
朕,zhen4,100.33132138630523
鹰,ying1,100.33132138630523
汐,xi1,100.33132138630523
甄,zhen1,100.33132138630523
娄,lou2,100.33132138630523
搏,bo2,100.33132138630523
逊,xun4,100.33132138630523
奋,fen4,100.33132138630523
嗣,si4,100.33132138630523
蛟,jiao1,100.33132138630523
焰,yan4,100.33132138630523
匡,kuang1,100.33132138630523
铨,quan2,100.33132138630523
霓,ni2,95.77080677783681
寇,kou4,95.77080677783681
荻,di2,95.77080677783681
韫,yun4,95.77080677783681
栾,luan2,95.77080677783681
闵,min3,95.77080677783681
晰,xi1,95.77080677783681
归,gui1,95.77080677783681
炀,yang2,95.77080677783681
记,ji4,95.77080677783681
偲,cai1,95.77080677783681
恭,gong1,95.77080677783681
荔,li4,95.77080677783681
涓,juan1,95.77080677783681
复,fu4,95.77080677783681
晃,huang3,95.77080677783681
苓,ling2,95.77080677783681
后,hou4,95.77080677783681
女,nv3,95.77080677783681
瀛,ying2,95.77080677783681
逍,xiao1,95.77080677783681
慢,man4,95.77080677783681
招,zhao1,95.77080677783681
羲,xi1,95.77080677783681
茶,cha2,92.795
卞,bian4,91.21029216936839
空,kong1,91.21029216936839
粟,su4,91.21029216936839
镕,rong2,91.21029216936839
胥,xu1,91.21029216936839
舰,jian4,91.21029216936839
量,liang4,91.21029216936839
荧,ying2,91.21029216936839
犇,ben1,91.21029216936839
皖,wan3,91.21029216936839
比,bi3,91.21029216936839
隋,sui2,91.21029216936839
仟,qian1,91.21029216936839
仰,yang3,91.21029216936839
铄,shuo4,91.21029216936839
丝,si1,91.21029216936839
祚,zuo4,91.21029216936839
颐,yi2,91.21029216936839
坦,tan3,91.21029216936839
蜜,mi4,91.21029216936839
醒,xing3,91.21029216936839
封,feng1,91.21029216936839
乘,cheng2,86.64977756089998
勉,mian3,86.64977756089998
肇,zhao4,86.64977756089998
芦,lu2,86.64977756089998
录,lu4,86.64977756089998
精,jing1,86.64977756089998
聚,ju4,86.64977756089998
穗,sui4,86.64977756089998
神,shen2,86.64977756089998
萨,sa4,86.64977756089998
颉,jie2,86.64977756089998
寰,huan2,86.64977756089998
豹,bao4,86.64977756089998
塔,ta3,86.64977756089998
佶,ji2,86.64977756089998
计,ji4,86.64977756089998
惜,xi1,83.059
褚,chu3,82.08926295243155
弛,chi2,82.08926295243155
纹,wen2,82.08926295243155
霈,pei4,82.08926295243155
团,tuan2,82.08926295243155
佼,jiao3,82.08926295243155
屏,ping2,82.08926295243155
翌,yi4,82.08926295243155
竺,zhu2,82.08926295243155
极,ji2,82.08926295243155
圻,qi2,82.08926295243155
充,chong1,82.08926295243155
历,li4,82.08926295243155
那,na4,82.08926295243155
闽,min3,82.08926295243155
苟,gou3,82.08926295243155
飘,piao1,82.08926295243155
聿,yu4,82.08926295243155
带,dai4,81.172
象,xiang4,77.52874834396314
珣,xun2,77.52874834396314
沫,mo4,77.52874834396314
体,ti3,77.52874834396314
冶,ye3,77.52874834396314
勒,lei1,77.52874834396314
嘎,ga1,77.52874834396314
节,jie2,77.52874834396314
刁,diao1,77.52874834396314
郅,zhi4,77.52874834396314
慰,wei4,77.52874834396314
俣,yu3,77.52874834396314
笙,sheng1,77.52874834396314
蔺,lin4,77.52874834396314
烟,yan1,77.52874834396314
夜,ye4,77.52874834396314
净,jing4,77.52874834396314
励,li4,77.52874834396314
翱,ao2,77.52874834396314
弓,gong1,77.52874834396314
焘,dao4,77.52874834396314
渠,qu2,77.52874834396314
曌,zhao4,77.52874834396314
材,cai2,77.52874834396314
浅,qian3,77.52874834396314
宿,su4,77.52874834396314
泱,yang1,77.52874834396314
玙,yu2,77.52874834396314
钗,chai1,74.467
艮,gen4,74.154
乌,wu1,72.96823373549472
蘅,heng2,72.96823373549472
焯,chao1,72.96823373549472
结,jie2,72.96823373549472
橙,cheng2,72.96823373549472
潭,tan2,72.96823373549472
虞,yu2,72.96823373549472
潜,qian2,72.96823373549472
老,lao3,72.96823373549472
椿,chun1,72.96823373549472
崴,wai3,72.96823373549472
粉,fen3,72.96823373549472
妞,niu1,72.96823373549472
灯,deng1,72.96823373549472
啊,a,72.96823373549472
戎,rong2,72.96823373549472
倚,yi3,72.96823373549472
匀,yun2,72.96823373549472
疆,jiang1,72.96823373549472
嫦,chang2,72.96823373549472
夷,yi2,72.96823373549472
宵,xiao1,72.96823373549472
丕,pi1,72.96823373549472
岸,an4,72.96823373549472
列,lie4,72.96823373549472
赓,geng1,68.40771912702628
落,luo4,68.40771912702628
土,tu3,68.40771912702628
盖,gai4,68.40771912702628
己,ji3,68.40771912702628
迈,mai4,68.40771912702628
滟,yan4,68.40771912702628
姆,mu3,68.40771912702628
浙,zhe4,68.40771912702628
绿,lv4,68.40771912702628
柄,bing3,68.40771912702628
境,jing4,68.40771912702628
务,wu4,68.40771912702628
巫,wu1,68.40771912702628
支,zhi1,68.40771912702628
右,you4,68.40771912702628
驹,ju1,68.40771912702628
蜀,shu3,68.40771912702628
瞿,qu2,68.40771912702628
韧,ren4,68.40771912702628
葵,kui2,68.40771912702628
崎,qi2,68.40771912702628
琢,zuo2,68.40771912702628
号,hao4,68.40771912702628
琮,cong2,68.40771912702628
厉,li4,68.40771912702628
围,wei2,68.40771912702628
冕,mian3,68.40771912702628
门,men2,68.40771912702628
镔,bin1,68.40771912702628
兮,xi1,68.40771912702628
荃,quan2,68.40771912702628
皮,pi2,68.40771912702628
院,yuan4,68.40771912702628
钿,dian4,68.40771912702628
省,sheng3,68.40771912702628
买,mai3,68.40771912702628
准,zhun3,68.40771912702628
迦,jia1,63.84720451855788
觉,jue2,63.84720451855788
鹭,lu4,63.84720451855788
瞳,tong2,63.84720451855788
浏,liu2,63.84720451855788
谈,tan2,63.84720451855788
讯,xun4,63.84720451855788
咸,xian2,63.84720451855788
皇,huang2,63.84720451855788
铂,bo2,63.84720451855788
频,pin2,63.84720451855788
璧,bi4,63.84720451855788
洒,sa3,63.84720451855788
弈,yi4,63.84720451855788
主,zhu3,63.84720451855788
弦,xian2,63.84720451855788
菱,ling2,63.84720451855788
医,yi1,63.84720451855788
湉,tian2,63.84720451855788
舸,ge3,63.84720451855788
炬,ju4,63.84720451855788
灼,zhuo2,63.84720451855788
眉,mei2,63.84720451855788
寻,xun2,63.84720451855788
珅,shen1,63.84720451855788
教,jiao4,63.84720451855788
莘,shen1,59.28668991008946
谌,chen2,59.28668991008946
服,fu2,59.28668991008946
啦,la,59.28668991008946
亢,kang4,59.28668991008946
溶,rong2,59.28668991008946
诸,zhu1,59.28668991008946
懋,mao4,59.28668991008946
钺,yue4,59.28668991008946
位,wei4,59.28668991008946
栓,shuan1,59.28668991008946
叙,xu4,59.28668991008946
早,zao3,59.28668991008946
随,sui2,59.28668991008946
恋,lian4,59.28668991008946
颍,ying3,59.28668991008946
敢,gan3,59.28668991008946
佰,bai3,59.28668991008946
樾,yue4,59.28668991008946
翘,qiao4,59.28668991008946
萃,cui4,59.28668991008946
茁,zhuo2,59.28668991008946
异,yi4,59.28668991008946
肃,su4,59.28668991008946
棚,peng2,59.28668991008946
毫,hao2,59.28668991008946
弼,bi4,59.28668991008946
枚,mei2,59.28668991008946
笠,li4,59.28668991008946
扎,zha1,59.28668991008946
峙,zhi4,59.28668991008946
倬,zhuo1,59.28668991008946
溥,pu3,54.72617530162104
换,huan4,54.72617530162104
器,qi4,54.72617530162104
垣,yuan2,54.72617530162104
垠,yin2,54.72617530162104
社,she4,54.72617530162104
备,bei4,54.72617530162104
谱,pu3,54.72617530162104
佘,she2,54.72617530162104
弢,tao1,54.72617530162104
配,pei4,54.72617530162104
檀,tan2,54.72617530162104
胖,pang4,54.72617530162104
鹃,juan1,54.72617530162104
黔,qian2,54.72617530162104
聃,dan1,54.72617530162104
莞,guan3,54.72617530162104
贯,guan4,54.72617530162104
员,yuan2,54.72617530162104
抒,shu1,54.72617530162104
舞,wu3,54.72617530162104
台,tai2,54.72617530162104
顶,ding3,54.72617530162104
稼,jia4,54.72617530162104
俪,li4,54.72617530162104
沿,yan2,54.72617530162104
旷,kuang4,54.72617530162104
箐,qing4,54.72617530162104
呼,hu1,54.72617530162104
翩,pian1,54.72617530162104
邑,yi4,54.72617530162104
悟,wu4,54.72617530162104
协,xie2,54.72617530162104
著,zhu4,54.72617530162104
鄢,yan1,54.72617530162104
铜,tong2,54.72617530162104
泷,long2,54.72617530162104
锶,si1,54.72617530162104
姑,gu1,54.119
头,tou2,50.875
斓,lan2,50.16566069315262
坪,ping2,50.16566069315262
娉,ping1,50.16566069315262
忱,chen2,50.16566069315262
诣,yi4,50.16566069315262
顿,dun4,50.16566069315262
弥,mi2,50.16566069315262
涯,ya2,50.16566069315262
栎,li4,50.16566069315262
筑,zhu4,50.16566069315262
御,yu4,50.16566069315262
殊,shu1,50.16566069315262
箭,jian4,50.16566069315262
资,zi1,50.16566069315262
娱,yu2,50.16566069315262
葆,bao3,50.16566069315262
字,zi4,50.16566069315262
蓁,zhen1,50.16566069315262
缙,jin4,50.16566069315262
镭,lei2,50.16566069315262
樟,zhang1,50.16566069315262
阎,yan2,50.16566069315262
苒,ran3,50.16566069315262
裘,qiu2,50.16566069315262
祈,qi2,50.16566069315262
晞,xi1,50.16566069315262
耶,ye2,50.16566069315262
铧,hua2,50.16566069315262
腊,la4,50.16566069315262
绵,mian2,47.575
叔,shu1,45.899
瑗,yuan4,45.60514608468419
期,qi1,45.60514608468419
警,jing3,45.60514608468419
漆,qi1,45.60514608468419
娃,wa2,45.60514608468419
稀,xi1,45.60514608468419
凉,liang2,45.60514608468419
逯,lu4,45.60514608468419
檬,meng2,45.60514608468419
疏,shu1,45.60514608468419
觐,jin4,45.60514608468419
柒,qi1,45.60514608468419
飒,sa4,45.60514608468419
集,ji2,45.60514608468419
沣,feng1,45.60514608468419
丘,qiu1,45.60514608468419
晁,chao2,45.60514608468419
屿,yu3,45.60514608468419
绘,hui4,45.60514608468419
浓,nong2,45.60514608468419
危,wei1,45.60514608468419
拥,yong1,45.60514608468419
缨,ying1,45.60514608468419
班,ban1,45.60514608468419
动,dong4,45.60514608468419
渭,wei4,45.60514608468419
粲,can4,45.60514608468419
状,zhuang4,45.60514608468419
炽,chi4,45.60514608468419
俨,yan3,45.60514608468419
演,yan3,45.60514608468419
闰,run4,45.60514608468419
尾,wei3,45.60514608468419
宴,yan4,45.60514608468419
区,qu1,45.60514608468419
昉,fang3,45.60514608468419
莱,lai2,45.60514608468419
仔,zai3,45.60514608468419
罕,han3,45.60514608468419
模,mo2,45.60514608468419
愈,yu4,45.60514608468419
候,hou4,45.60514608468419
钒,fan2,45.60514608468419
帕,pa4,45.60514608468419
伙,huo3,43.683
亲,qin1,41.04463147621578
糖,tang2,41.04463147621578
瑕,xia2,41.04463147621578
邸,di3,41.04463147621578
炅,jiong3,41.04463147621578
况,kuang4,41.04463147621578
镓,jia1,41.04463147621578
因,yin1,41.04463147621578
遇,yu4,41.04463147621578
停,ting2,41.04463147621578
泠,ling2,41.04463147621578
近,jin4,41.04463147621578
浛,han2,41.04463147621578
猫,mao1,41.04463147621578
骜,ao4,41.04463147621578
拾,shi2,41.04463147621578
娆,rao2,41.04463147621578
报,bao4,41.04463147621578
轮,lun2,41.04463147621578
陇,long3,41.04463147621578
束,shu4,41.04463147621578
婴,ying1,41.04463147621578
溯,su4,41.04463147621578
阚,han3,41.04463147621578
适,shi4,41.04463147621578
丫,ya1,41.04463147621578
黑,hei1,41.04463147621578
汛,xun4,41.04463147621578
措,cuo4,41.04463147621578
欠,qian4,41.04463147621578
寓,yu4,41.04463147621578
湾,wan1,41.04463147621578
泡,pao4,41.04463147621578
暖,nuan3,41.04463147621578
琚,ju1,41.04463147621578
谣,yao2,41.04463147621578
钲,zheng1,41.04463147621578
榜,bang3,41.04463147621578
逵,kui2,41.04463147621578
钥,yao4,41.04463147621578
囡,nan1,41.04463147621578
钏,chuan4,41.04463147621578
专,zhuan1,41.04463147621578
遵,zun1,41.04463147621578
桁,heng2,41.04463147621578
纤,xian1,41.04463147621578
活,huo2,41.04463147621578
奚,xi1,41.04463147621578
阅,yue4,41.04463147621578
别,bie2,41.04463147621578
设,she4,41.04463147621578
黛,dai4,41.04463147621578
检,jian3,39.106
鸾,luan2,37.657
厅,ting1,36.48411686774736
颀,qi2,36.48411686774736
么,me,36.48411686774736
淙,cong2,36.48411686774736
染,ran3,36.48411686774736
骊,li2,36.48411686774736
伽,ga1,36.48411686774736
槟,bin1,36.48411686774736
茅,mao2,36.48411686774736
拜,bai4,36.48411686774736
享,xiang3,36.48411686774736
阙,que1,36.48411686774736
绣,xiu4,36.48411686774736
坛,tan2,36.48411686774736
雕,diao1,36.48411686774736
驿,yi4,36.48411686774736
蔼,ai3,36.48411686774736
色,se4,36.48411686774736
瞻,zhan1,36.48411686774736
宥,you4,36.48411686774736
孤,gu1,36.48411686774736
桉,an1,36.48411686774736
茉,mo4,36.48411686774736
识,shi2,36.48411686774736
逄,pang2,36.48411686774736
诏,zhao4,36.48411686774736
亓,qi2,36.48411686774736
镐,gao3,36.48411686774736
芋,yu4,36.48411686774736
渲,xuan4,36.48411686774736
浠,xi1,36.48411686774736
界,jie4,36.48411686774736
绚,xuan4,36.48411686774736
镁,mei3,36.48411686774736
榛,zhen1,36.48411686774736
问,wen4,36.48411686774736
芽,ya2,36.48411686774736
沄,yun2,36.48411686774736
垂,chui2,36.48411686774736
睦,mu4,36.48411686774736
辅,fu3,36.48411686774736
赋,fu4,36.48411686774736
兢,jing1,36.48411686774736
秘,mi4,36.48411686774736
鎏,liu2,36.48411686774736
焓,han2,36.48411686774736
拯,zheng3,36.48411686774736
舵,duo4,36.48411686774736
郜,gao4,36.48411686774736
冼,xian3,36.48411686774736
荫,yin1,36.48411686774736
棒,bang4,36.48411686774736
口,kou3,36.48411686774736
猪,zhu1,36.48411686774736
郗,xi1,36.48411686774736
舫,fang3,36.48411686774736
当,dang1,36.48411686774736
峤,jiao4,36.48411686774736
梵,fan4,36.48411686774736
域,yu4,36.48411686774736
纾,shu1,36.48411686774736
灶,zao4,32.907
扣,kou4,31.92360225927894
辞,ci2,31.92360225927894
夺,duo2,31.92360225927894
贡,gong4,31.92360225927894
杞,qi3,31.92360225927894
澈,che4,31.92360225927894
鸟,niao3,31.92360225927894
荀,xun2,31.92360225927894
母,mu3,31.92360225927894
淘,tao2,31.92360225927894
妲,da2,31.92360225927894
养,yang3,31.92360225927894
筝,zheng1,31.92360225927894
末,mo4,31.92360225927894
藏,cang2,31.92360225927894
盘,pan2,31.92360225927894
鹄,gu3,31.92360225927894
称,cheng1,31.92360225927894
兹,zi1,31.92360225927894
陌,mo4,31.92360225927894
翕,xi1,31.92360225927894
葶,ting2,31.92360225927894
快,kuai4,31.92360225927894
狗,gou3,31.92360225927894
串,chuan4,31.92360225927894
荞,qiao2,31.92360225927894
纷,fen1,31.92360225927894
俸,feng4,31.92360225927894
调,diao4,31.92360225927894
沪,hu4,31.92360225927894
摇,yao2,31.92360225927894
助,zhu4,31.92360225927894
珞,luo4,31.92360225927894
第,di4,31.92360225927894
市,shi4,31.92360225927894
抗,kang4,31.92360225927894
艇,ting3,31.92360225927894
铉,xuan4,31.92360225927894
茄,jia1,31.92360225927894
欲,yu4,31.92360225927894
旌,jing1,31.92360225927894
网,wang3,31.92360225927894
銮,luan2,31.92360225927894
葱,cong1,31.92360225927894
雒,luo4,31.92360225927894
赣,gan4,31.92360225927894
槐,huai2,31.92360225927894
璎,ying1,31.92360225927894
杲,gao3,31.92360225927894
炉,lu2,31.92360225927894
画,hua4,31.92360225927894
盾,dun4,31.92360225927894
邰,tai2,31.92360225927894
僮,tong2,31.92360225927894
勖,xu4,31.92360225927894
质,zhi4,31.92360225927894
枢,shu1,31.92360225927894
懂,dong3,31.92360225927894
铱,yi1,31.92360225927894
莅,li4,31.92360225927894
淡,dan4,31.92360225927894
托,tuo1,31.92360225927894
桔,ju2,31.92360225927894
率,lv4,31.92360225927894
奂,huan4,31.92360225927894
参,can1,31.92360225927894
鹂,li2,31.92360225927894
昔,xi1,31.92360225927894
涔,cen2,31.92360225927894
佃,dian4,31.422
针,zhen1,30.181
籽,zi3,27.363087650810517
粮,liang2,27.363087650810517
蓥,ying2,27.363087650810517
略,lve4,27.363087650810517
榴,liu2,27.363087650810517
蹊,qi1,27.363087650810517
梧,wu2,27.363087650810517
考,kao3,27.363087650810517
嘟,du1,27.363087650810517
沉,chen2,27.363087650810517
劳,lao2,27.363087650810517
陵,ling2,27.363087650810517
屠,tu2,27.363087650810517
援,yuan2,27.363087650810517
姊,zi3,27.363087650810517
辕,yuan2,27.363087650810517
聆,ling2,27.363087650810517
淯,yu4,27.363087650810517
绯,fei1,27.363087650810517
忍,ren3,27.363087650810517
几,ji3,27.363087650810517
式,shi4,27.363087650810517
阵,zhen4,27.363087650810517
嵇,ji1,27.363087650810517
身,shen1,27.363087650810517
堰,yan4,27.363087650810517
涤,di2,27.363087650810517
矗,chu4,27.363087650810517
机,ji1,27.363087650810517
库,ku4,27.363087650810517
仡,ge1,27.363087650810517
塬,yuan2,27.363087650810517
庸,yong1,27.363087650810517
镝,di1,27.363087650810517
仝,tong2,27.363087650810517
藜,li2,27.363087650810517
求,qiu2,27.363087650810517
勾,gou1,27.363087650810517
共,gong4,27.363087650810517
蛋,dan4,27.363087650810517
形,xing2,27.363087650810517
畔,pan4,27.363087650810517
唱,chang4,27.363087650810517
苡,yi3,27.363087650810517
琇,xiu4,27.363087650810517
楹,ying2,27.363087650810517
变,bian4,27.363087650810517
巳,si4,27.363087650810517
锵,qiang1,27.363087650810517
稚,zhi4,27.363087650810517
目,mu4,27.363087650810517
撒,sa1,27.363087650810517
仑,lun2,27.363087650810517
鄂,e4,27.363087650810517
凇,song1,27.363087650810517
於,yu2,27.363087650810517
塞,sai1,27.363087650810517
组,zu3,27.363087650810517
移,yi2,27.363087650810517
系,xi4,27.363087650810517
惊,jing1,27.363087650810517
憬,jing3,27.363087650810517
郦,li4,27.363087650810517
菀,wan3,27.363087650810517
壬,ren2,27.363087650810517
絮,xu4,27.363087650810517
昳,die2,27.363087650810517
漩,xuan2,27.363087650810517
瑭,tang2,27.363087650810517
扈,hu4,27.363087650810517
词,ci2,27.363087650810517
珀,po4,27.363087650810517
县,xian4,27.363087650810517
府,fu3,27.363087650810517
尽,jin3,27.363087650810517
薏,yi4,27.363087650810517
烯,xi1,27.363087650810517
葭,jia1,27.363087650810517
钇,yi3,27.363087650810517
棉,mian2,27.363087650810517
虓,xiao1,27.363087650810517
飙,biao1,27.363087650810517
侦,zhen1,27.363087650810517
衔,xian2,27.363087650810517
层,ceng2,27.363087650810517
佛,fo2,26.057
趁,chen4,25.986
兄,xiong1,25.503
虾,xia1,22.254
岁,sui4,22.115
苍,cang1,21.806
送,song4,21.364
样,yang4,21.159
棣,di4,18.387
辽,liao2,16.405
睛,jing1,16.289
忙,mang2,15.735
迷,mi2,15.414
笃,du3,14.983
熔,rong2,14.97
锌,xin1,14.642
遂,sui4,14.245
蝉,chan2,14.087
唤,huan4,13.346
嫩,nen4,12.69
斋,zhai1,12.659
论,lun4,12.408
歧,qi2,12.215
产,chan3,12.125
铿,keng1,12.002
约,yue1,11.457
琅,lang2,11.43
矿,kuang4,11.309
翻,fan1,11.074
尕,ga3,10.763
执,zhi2,10.638
固,gu4,10.433
钜,ju4,10.213
线,xian4,10.176
载,zai3,10.134
瑰,gui1,9.907
沃,wo4,9.834
哓,xiao1,9.722
羡,xian4,9.326
赤,chi4,9.243
栖,qi1,9.042
鸳,yuan1,8.993
爵,jue2,8.946
藩,fan1,8.939
瓦,wa3,8.932
芩,qin2,8.848
慷,kang1,8.839
峡,xia2,8.785
芒,mang2,8.75
择,ze2,8.743
乖,guai1,8.645
已,yi3,8.57
恕,shu4,8.568
畏,wei4,8.567
证,zheng4,8.464
吓,xia4,8.461
绅,shen1,8.421
渺,miao3,8.371
牙,ya2,8.325
番,fan1,8.048
表,biao3,7.945
赏,shang3,7.891
眼,yan3,7.809
气,qi4,7.689
泗,si4,7.68
兔,tu4,7.613
鸯,yang1,7.587
尖,jian1,7.578
巾,jin1,7.523
酉,you3,7.514
钻,zuan4,7.5
坷,ke3,7.438
湃,pai4,7.114
闲,xian2,7.086
裔,yi4,7.076
潆,ying2,6.98
详,xiang2,6.977
宠,chong3,6.875
娓,wei3,6.851
劝,quan4,6.84
链,lian4,6.811
窈,yao3,6.758
苛,ke1,6.723
嫔,pin2,6.661
萤,ying2,6.575
漂,piao1,6.547
条,tiao2,6.533
菠,bo1,6.533
捍,han4,6.475
漾,yang4,6.362
渔,yu2,6.265
壁,bi4,6.243
锰,meng3,6.17
评,ping2,6.161
取,qu3,6.056
度,du4,5.987
烂,lan4,5.959
坎,kan3,5.892
绩,ji4,5.872
翡,fei3,5.826
掌,zhang3,5.741
须,xu1,5.733
缤,bin1,5.695
只,zhi1,5.67
阶,jie1,5.601
嫱,qiang2,5.57
绎,yi4,5.47
乡,xiang1,5.466
蕤,rui2,5.404
认,ren4,5.374
技,ji4,5.271
湄,mei2,5.27
厦,sha4,5.212
勰,xie2,5.201
巡,xun2,5.153
萁,qi2,5.114
接,jie1,5.087
释,shi4,5.064
鳌,ao2,4.976
钞,chao1,4.972
肯,ken3,4.928
零,ling2,4.89
镒,yi4,4.857
寨,zhai4,4.809
追,zhui1,4.785
胭,yan1,4.712
邈,miao3,4.704
味,wei4,4.644
桧,gui4,4.64
偌,ruo4,4.64
玢,bin1,4.627
舍,she3,4.619
桀,jie2,4.557
幽,you1,4.553
瑚,hu2,4.546
析,xi1,4.541
樵,qiao2,4.52
沥,li4,4.501
场,chang3,4.475
骑,qi2,4.45
秧,yang1,4.445
锭,ding4,4.441
署,shu3,4.39
烊,yang4,4.381
彻,che4,4.364
堤,di1,4.361
货,huo4,4.36
挥,hui1,4.331
荐,jian4,4.324
企,qi3,4.279
镖,biao1,4.235
雀,que4,4.215
受,shou4,4.191
侣,lv3,4.188
洞,dong4,4.184
璜,huang2,4.116
棕,zong1,4.092
涟,lian2,4.085
奖,jiang3,4.073
佚,yi4,4.059
凭,ping2,4.059
琎,jin1,4.022
漠,mo4,4.015
棱,leng2,4.007
琤,cheng1,3.995
涣,huan4,3.946
纶,lun2,3.93
皆,jie1,3.923
塘,tang2,3.915
造,zao4,3.88
反,fan3,3.829
循,xun2,3.799
沧,cang1,3.761
冈,gang1,3.754
郴,chen1,3.742
浈,zhen1,3.714
排,pai2,3.694
玎,ding1,3.691
往,wang3,3.661
潍,wei2,3.645
椰,ye1,3.627
屯,tun2,3.619
璀,cui3,3.599
岛,dao3,3.56
碰,peng4,3.477
泥,ni2,3.454
瓶,ping2,3.425
镛,yong1,3.411
整,zheng3,3.378
蜂,feng1,3.377
敌,di2,3.376
琥,hu3,3.357
觅,mi4,3.317
萦,ying2,3.313
恰,qia4,3.306
纵,zong4,3.288
杯,bei1,3.286
寄,ji4,3.268
垲,kai3,3.253
规,gui1,3.192
径,jing4,3.156
泯,min3,3.141
禅,chan2,3.138
岫,xiu4,3.136
衿,jin1,3.123
孚,fu2,3.099
铝,lv3,3.095
呜,wu1,3.085
累,lei4,3.055
指,zhi3,3.009
激,ji1,2.989
攸,you1,2.97
稷,ji4,2.962
烘,hong1,2.953
沼,zhao3,2.95
旅,lv3,2.94
堪,kan1,2.925
板,ban3,2.922
皋,gao1,2.887
燮,xie4,2.886
薄,bao2,2.881
翥,zhu4,2.872
栅,zha4,2.872
叮,ding1,2.87
潺,chan2,2.852
犁,li2,2.839
涧,jian4,2.828
浒,hu3,2.803
玻,bo1,2.796
坊,fang1,2.791
霭,ai3,2.786
隐,yin3,2.786
濮,pu2,2.765
角,jiao3,2.763
埔,pu3,2.757
拼,pin1,2.754
刊,kan1,2.737
钎,qian1,2.714
皞,hao4,2.703
仍,reng2,2.691
囤,tun2,2.667
猷,you2,2.664
墩,dun1,2.648
折,zhe2,2.621
值,zhi2,2.606
侗,dong4,2.59
降,jiang4,2.588
株,zhu1,2.585
钉,ding4,2.58
洗,xi3,2.567
漳,zhang1,2.548
族,zu2,2.541
悄,qiao1,2.541
似,si4,2.531
凛,lin3,2.523
叠,die2,2.522
泞,ning4,2.51
浴,yu4,2.509
夯,hang1,2.509
页,ye4,2.494
浔,xun2,2.491
绥,sui2,2.482
磐,pan2,2.48
惺,xing1,2.472
遐,xia2,2.466
逾,yu2,2.464
倾,qing1,2.448
础,chu3,2.446
药,yao4,2.424
种,zhong3,2.418
俄,e2,2.403
皙,xi1,2.402
邻,lin2,2.398
秩,zhi4,2.376
砾,li4,2.375
蜓,ting2,2.372
恳,ken3,2.318
洹,huan2,2.282
焙,bei4,2.275
藻,zao3,2.266
骧,xiang1,2.264
挪,nuo2,2.263
雳,li4,2.259
核,he2,2.223
禺,yu2,2.21
锷,e4,2.206
始,shi3,2.202
暾,tun1,2.195
偶,ou3,2.195
烙,lao4,2.191
蕃,fan1,2.172
哨,shao4,2.149
戟,ji3,2.142
镪,qiang3,2.124
赠,zeng4,2.121
骢,cong1,2.103
纺,fang3,2.071
琏,lian3,2.069
咚,dong1,2.049
级,ji2,2.048
馗,kui2,2.035
阜,fu4,2.029
铅,qian1,2.027
性,xing4,2.008
犀,xi1,2.006
辑,ji2,2.006
讷,ne4,1.993
油,you2,1.963
墉,yong1,1.96
刀,dao1,1.946
税,shui4,1.942
店,dian4,1.923
倜,ti4,1.92
圃,pu3,1.92
麓,lu4,1.914
莼,chun2,1.912
慨,kai3,1.909
璁,cong1,1.852
钤,qian2,1.821
墙,qiang2,1.819
烛,zhu2,1.814
醇,chun2,1.809
谅,liang4,1.803
憧,chong1,1.802
捡,jian3,1.79
泫,xuan4,1.776
贰,er4,1.775
销,xiao1,1.771
绰,chao1,1.767
宬,cheng2,1.754
获,huo4,1.746
妆,zhuang1,1.729
甸,dian4,1.727
楣,mei2,1.72
磬,qing4,1.709
岂,qi3,1.708
蒸,zheng1,1.702
锞,ke4,1.701
泮,pan4,1.692
面,mian4,1.683
浣,huan4,1.679
拿,na2,1.659
醉,zui4,1.653
鳞,lin2,1.65
嵌,qian4,1.65
炮,pao4,1.645
亘,gen4,1.632
镘,man4,1.625
檑,lei2,1.624
溟,ming2,1.616
泾,jing1,1.612
呵,he1,1.61
谧,mi4,1.607
汾,fen2,1.596
玚,yang2,1.593
隹,zhui1,1.587
濡,ru2,1.582
钐,shan1,1.58
遨,ao2,1.579
癸,gui3,1.563
籍,ji2,1.557
络,luo4,1.552
溧,li4,1.55
畴,chou2,1.54
诤,zheng4,1.54
谟,mo2,1.519
嬴,ying2,1.508
职,zhi2,1.495
垄,long3,1.488
锈,xiu4,1.475
擘,bo4,1.466
钫,fang1,1.463
邺,ye4,1.454
轼,shi4,1.452
枞,cong1,1.437
嫡,di2,1.434
诒,yi2,1.433
帜,zhi4,1.424
珽,ting3,1.42
矛,mao2,1.42
感,gan3,1.419
婀,e1,1.417
荠,qi2,1.413
胧,long2,1.406
彼,bi3,1.396
筹,chou2,1.387
砺,li4,1.375
楗,jian4,1.359
颗,ke1,1.357
熬,ao2,1.35
虫,chong2,1.348
绳,sheng2,1.344
陟,zhi4,1.334
汭,rui4,1.329
兼,jian1,1.318
蒿,hao1,1.309
妩,wu3,1.298
锬,tan2,1.29
砂,sha1,1.284
轰,hong1,1.281
塑,su4,1.276
顼,xu1,1.271
膑,bin4,1.268
琲,bei4,1.263
涪,fu2,1.259
矜,jin1,1.258
岿,kui1,1.247
潋,lian4,1.243
粹,cui4,1.242
预,yu4,1.241
抱,bao4,1.236
铣,xi3,1.232
嵋,mei2,1.232
部,bu4,1.217
跑,pao3,1.216
峄,yi4,1.21
滩,tan1,1.198
阑,lan2,1.194
赜,ze2,1.194
玳,dai4,1.188
嫌,xian2,1.178
壑,he4,1.176
恢,hui1,1.176
袭,xi2,1.162
档,dang4,1.161
阴,yin1,1.154
粼,lin2,1.153
悌,ti4,1.149
绫,ling2,1.109
峨,e2,1.107
铀,you2,1.101
刻,ke4,1.093
珵,cheng2,1.071
顷,qing3,1.047
帷,wei2,1.031
撼,han4,1.028
谛,di4,1.003
鲤,li3,0.998
崭,zhan3,0.99
渌,lu4,0.982
离,li2,0.968
钳,qian2,0.966
篮,lan2,0.963
皑,ai2,0.957
祜,hu4,0.954
锥,zhui1,0.944
趣,qu4,0.943
哗,hua2,0.939
物,wu4,0.935
牌,pai2,0.933
黠,xia2,0.923
囿,you4,0.91
读,du2,0.901
澧,li3,0.898
跞,luo4,0.884
监,jian1,0.882
尝,chang2,0.872
诞,dan4,0.864
甬,yong3,0.861
楸,qiu1,0.851
濂,lian2,0.846
滑,hua2,0.833
椋,liang2,0.832
综,zong1,0.829
烧,shao1,0.814
份,fen4,0.814
砥,di3,0.81
崖,ya2,0.806
眺,tiao4,0.805
吹,chui1,0.8
独,du2,0.798
盐,yan2,0.788
濯,zhuo2,0.788
笳,jia1,0.776
矫,jiao3,0.775
菩,pu2,0.772
稣,su1,0.77
郊,jiao1,0.769
鹦,ying1,0.766
廓,kuo4,0.765
骝,liu2,0.762
埕,cheng2,0.761
棂,ling2,0.758
仅,jin3,0.757
铛,dang1,0.753
兑,dui4,0.748
藐,miao3,0.745
棹,zhao4,0.739
蕖,qu2,0.738
揽,lan,0.737
虑,lu4,0.734
荩,jin4,0.731
宅,zhai2,0.731
诩,xu3,0.72
镡,tan2,0.715
蛰,zhe2,0.709
钩,gou1,0.707
侥,yao2,0.701
锣,luo2,0.699
枳,zhi3,0.695
橼,yuan2,0.692
沆,hang4,0.689
肆,si4,0.666
枰,ping2,0.665
莆,pu2,0.651
瓴,ling2,0.65
冒,mao4,0.642
钛,tai4,0.64
耒,lei3,0.637
儆,jing3,0.636
枨,cheng2,0.636
玑,ji1,0.631
贫,pin2,0.627
揆,kui2,0.626
敉,mi3,0.625
胄,zhou4,0.622
镰,lian2,0.609
液,ye4,0.608
属,shu3,0.604
谓,wei4,0.604
茳,jiang1,0.603
镶,xiang1,0.601
瀑,pu4,0.591
漱,shu4,0.585
岽,dong1,0.584
哿,ge3,0.583
磨,mo2,0.581
惕,ti4,0.577
鸢,yuan1,0.576
酒,jiu3,0.576
芗,xiang1,0.574
鼐,nai4,0.572
漭,mang3,0.571
酷,ku4,0.57
蓦,mo4,0.566
狂,kuang2,0.561
帧,zhen1,0.561
睫,jie2,0.557
莓,mei2,0.555
拔,ba2,0.548
制,zhi4,0.54
桄,guang4,0.53
酬,chou2,0.518
绛,jiang4,0.516
耔,zi3,0.496
亩,mu3,0.486
剡,yan3,0.485
彝,yi2,0.472
悍,han4,0.471
涉,she4,0.47
荒,huang1,0.467
屋,wu1,0.465
鸶,si1,0.461
攻,gong1,0.461
仉,zhang3,0.458
镧,lan2,0.458
杼,zhu4,0.454
膺,ying1,0.451
岍,qian1,0.451
晌,shang3,0.449
巢,chao2,0.44
樽,zun1,0.436
湍,tuan1,0.425
瞰,kan4,0.424
偿,chang2,0.424
凑,cou4,0.423
呤,ling4,0.416
每,mei3,0.414
笨,ben4,0.414
矩,ju3,0.413
邮,you2,0.411
璃,li2,0.41
萩,qiu1,0.409
镅,mei2,0.399
隶,li4,0.395
楝,lian4,0.386
綦,qi2,0.384
眸,mou2,0.381
脱,tuo1,0.378
佾,yi4,0.375
衷,zhong1,0.373
堇,jin3,0.37
楫,ji2,0.369
拳,quan2,0.367
兀,wu4,0.364
奭,shi4,0.356
箕,ji1,0.354
甯,ning4,0.349
榔,lang2,0.349
血,xue4,0.347
墀,chi2,0.343
赈,zhen4,0.342
示,shi4,0.342
徕,lai2,0.34
渼,mei3,0.338
洌,lie4,0.336
澹,dan4,0.336
婞,xing4,0.331
熏,xun1,0.33
哆,duo1,0.329
晕,yun1,0.329
蓟,ji4,0.322
谙,an1,0.32
苾,bie2,0.316
弩,nu3,0.312
迥,jiong3,0.31
杵,chu3,0.307
铕,you3,0.303
履,lv3,0.303
讴,ou1,0.301
柜,gui4,0.296
掀,xian1,0.278
迂,yu1,0.273
叨,dao1,0.272
庥,xiu1,0.265
隅,yu2,0.264
燧,sui4,0.262
迭,die2,0.262
坍,tan1,0.261
鏊,ao4,0.257
驻,zhu4,0.257
剧,ju4,0.255
遗,yi2,0.251
訾,zi3,0.25
钬,huo3,0.248
俚,li3,0.248
姘,pin1,0.245
鼓,gu3,0.244
祠,ci2,0.241
侍,shi4,0.238
浸,jin4,0.235
郯,tan2,0.235
徒,tu2,0.234
洱,er3,0.233
晾,liang4,0.233
莨,liang2,0.232
铳,chong4,0.228
价,jia4,0.227
镳,biao1,0.225
芑,qi3,0.223
罄,qing4,0.223
即,ji2,0.221
谯,qiao2,0.221
畹,wan3,0.219
瞩,zhu3,0.213
郇,xun2,0.212
懈,xie4,0.208
逑,qiu2,0.203
苘,qing3,0.203
订,ding4,0.2
纨,wan2,0.194
蘩,fan2,0.189
击,ji1,0.183
遴,lin2,0.183
旃,zhan1,0.181
俅,qiu2,0.18
烤,kao3,0.179
湿,shi1,0.177
椤,luo2,0.177
埙,xun1,0.176
佥,qian1,0.176
菅,jian1,0.175
镀,du4,0.168
俦,chou2,0.166
铢,zhu1,0.165
笺,jian1,0.157
籁,lai4,0.157
渚,zhu3,0.156
鋈,wu4,0.149
锗,zhe3,0.147
傥,tang3,0.142
粽,zong4,0.141
敷,fu1,0.139
暴,bao4,0.138
邝,kuang4,0.13
隗,wei3,0.129
乎,hu1,0.125
偈,ji4,0.119
堵,du3,0.116
炊,chui1,0.115
裁,cai2,0.111
钍,tu3,0.102
浑,hun2,0.1
咱,za2,0.1
爨,cuan4,0.1
工,kung1,0.1
拽,chuai4,0.1
粗,cu1,0.1