"longitude","latitude"
2.37738886313363,48.8863000510864
2.3175909298999,48.890020496141
2.33044682027725,48.8502970102176
2.27139647246143,48.8337338301773
2.36689679377372,48.8458869463868
2.36333471061476,48.8219079688117
2.28766737081487,48.882877751786
2.45552917211114,48.8501252320561
2.46402550470253,48.819954101228
2.34998304702979,48.8415076373901
2.40097662354654,48.8679251540267
2.45482,48.83397
2.33405760804708,48.8636722553657
2.36869413984016,48.8950903297663
2.33365337616283,48.8980143432137
2.29783106471363,48.8784103864828
2.35423678141965,48.8624649804039
2.40516852063917,48.8555013539889
2.3501483359202,48.8600883261048
2.34107065417259,48.8144401796238
2.36783265929612,48.8580440569424
2.34735644764263,48.8552533608443
2.30972258893223,48.8727876808465
2.30345740868527,48.8905862155503
2.30113837817673,48.8818571507446
2.38961313668446,48.8593585235926
2.3297942217634,48.8427384782578
2.35366081624923,48.8674979894066
2.32880709819223,48.8841271080466
2.31939514437732,48.874923109802
2.32373144997399,48.835064363954
2.28114900769185,48.8708094286695
2.29854929401185,48.8417096401611
2.29466057588438,48.8499211018621
2.40277551968633,48.8910789762746
2.29600807608667,48.8302693902879
2.32403127829722,48.8178170939014
2.2921735414417,48.8424587555045
2.22747747677092,48.8710030415404
2.41877242975671,48.8549113323991
2.34838875750478,48.8739721723737
2.34144252246847,48.8523930093114
2.39268612206715,48.8887860708258
2.35709265436395,48.8538141453159
2.42254995670978,48.8570503947438
2.39296078727983,48.8755180686487
2.34839523628281,48.8724200630531
2.32225737727924,48.8431988280709
2.2784139125938,48.8462949182689
2.35627844763363,48.8655841910852
2.33219933598001,48.894057251327
2.40745551592605,48.835545043576
2.31467800111538,48.8941513832937
2.29787643146792,48.8527667435281
2.37053056385548,48.8278380326495
2.30831406418914,48.8748103900282
2.31657332931609,48.8239231685446
2.40994255387768,48.8586216693501
2.38259171497997,48.8750704040631
2.36403505925044,48.8734627987082
2.37614246886362,48.8906781294313
2.33326859310154,48.8676230780568
2.3890216505832,48.8521930954375
2.3265996571137,48.8699566815748
2.34759791271647,48.8640650469499
2.28824740508752,48.8761743894985
2.36323986872132,48.8499600352775
2.35358041022707,48.8847068639833
2.35596672141756,48.8888648960566
2.28795645234244,48.8798132183375
2.34183165485398,48.8481913485843
2.36009761909542,48.8952199046801
2.35851353290333,48.8281562515749
2.34451792116264,48.8929256534326
2.35950993759232,48.8756701124814
2.30652,48.86288
2.32273156204932,48.876079329226
2.30902648733927,48.8826088164334
2.28412901289213,48.8583812528973
2.34863647806049,48.8914577261538
2.36404495865652,48.8425244907662
2.36784149724351,48.8684101048247
2.36157981521499,48.8645308053075
2.27573060931238,48.8376790033084
2.43297479522392,48.8688123638694
2.39200163582493,48.8149264672463
2.3350678855655,48.842540966044
2.34370453672277,48.8515813400282
2.3193921439238,48.8361728601424
2.3755,48.89869
2.41781693473698,48.868453299036
2.33780343096904,48.8433642427731
2.3730715073892,48.8645557653168
2.36157153415636,48.8236339763885
2.3486324654447,48.8669737142397
2.33391012712922,48.9115704593083
2.3419204119623,48.8660026325651
2.30450742096121,48.8400577188391
2.33689345355729,48.8991359901418
2.28175554013876,48.8387344082747
2.25386941995849,48.8194899938888
2.29369213364784,48.8712137121912
2.3610411664423,48.8128002963747
2.34452661511422,48.8674674414641
2.30687451712267,48.8365756642503
2.40395075220876,48.8712659183557
2.3831254909144,48.9039640245585
2.38858067885378,48.8249528728704
2.29800015657617,48.8152498542058
2.37270597867147,48.8678767055174
2.33203631336864,48.8751858641775
2.38972450812019,48.8388490233951
2.35018588824494,48.8686604815393
2.3445966499316,48.8425479496716
2.34187856663061,48.870314763995
2.37887132712036,48.8588289084143
2.33668660823888,48.8671234464486
2.38257893505445,48.8448673195541
2.29650634355336,48.8233032340816
2.34157863455693,48.8351288650429
2.38241,48.83976
2.37634839464598,48.87277815649
2.29054156015453,48.8447903902618
2.43079345113368,48.8414868563002
2.36705349044991,48.8626503001403
2.34104050870596,48.8489229581858
2.37220930964573,48.8202267926197
2.3778855156848,48.867937963098
2.33479762294837,48.8564374096868
2.3697014882175,48.853848226211
2.35016993902064,48.8483857647167
2.3446640434263,48.8377279209782
2.35397627361878,48.8572037876971
2.39932563330523,48.9101370950539
2.34546365270257,48.8660671500868
2.32631980638438,48.8532616686117
2.33082039647774,48.8907472101714
2.42327263606036,48.8821730942046
2.3360394555421,48.8699697339689
2.33544742768979,48.8918779570874
2.40587104452954,48.853246898212
2.2883866008495,48.841249336041
2.35143332976764,48.8371260386106
2.37007170698515,48.872859139003
2.42024734047464,48.8463380538888
2.33276238001163,48.8768593272933
2.29928264159962,48.8331797705565
2.37109744847151,48.8663313479025
2.26880655019948,48.8630253153883
2.29851404880358,48.8688517082349
2.34077266233144,48.8753297231533
2.36268350990116,48.8095823380351
2.34065184962233,48.8821942039509
2.35403448428308,48.8729397678371
2.28084048191106,48.8601161096266
2.32851451022192,48.8979224085452
2.39023863314186,48.8476538809846
2.31463384062783,48.8516782290479
2.29631993184172,48.888800020649
2.39363751443361,48.8863896349246
2.36134550272134,48.8146624956089
2.29997293264267,48.8728829909744
2.3068984782082,48.8328539082769
2.37871860660868,48.8211387514376
2.33693339124815,48.8331903187525
2.36711064403166,48.8838432656888
2.36106902408942,48.8290266697347
2.33370917333728,48.8793982644772
2.42205573361323,48.8555013128647
2.33339042383468,48.896328348516
2.29451253605293,48.8775320841302
2.39840304703793,48.8516026652216
2.32733929071423,48.8777532340006
2.40910773770119,48.8921394093072
2.32095412572888,48.8393250250604
2.32184998734424,48.8257098170281
2.2842194320606,48.8751849611119
2.34583645559793,48.8715422136421
2.3705034238696,48.849215862624
2.30705214759679,48.8471756149276
2.32507003873862,48.8512303802885
2.39179585555563,48.8366757964063
2.2775005469422,48.857802917112
2.33205479495042,48.8131566777178
2.34762008768451,48.8591502872556
2.33753933406029,48.8552546877505
2.3443017158653,48.826494328264
2.31616841206317,48.8389369099596
2.36666943698496,48.8747949948413
2.39493447775012,48.8492766381855
2.40095050201489,48.8799304155284
2.35863357911747,48.8585107129922
2.40922942058058,48.8403981721562
2.43451378622076,48.8504183667604
2.35208864944075,48.8529448879212
2.2773458970965,48.8442928655765
2.37965351592796,48.8309484484602
2.34901473289268,48.8466018657812
2.38246120055766,48.8863350826153
2.39721188193514,48.8484828166097
2.32327771564332,48.8415048015128
2.35020508497457,48.825525861884
2.32819709345057,48.8812664242266
2.39601222330053,48.8738036229888
2.24120465343616,48.8314286500504
2.28420499011361,48.8919623289648
2.35166987368994,48.865240621695
2.34120202666239,48.8418659565261
2.29770677798004,48.8734340813977
2.37799433828966,48.8711994313901
2.35283938071815,48.8630628327432
2.30177143532599,48.8747502039566
2.29655534247627,48.875377647487
2.30629955027108,48.8737943183796
2.27117749892451,48.8816744459654
2.3895475019254,48.9063833980958
2.37910490091443,48.8326410103703
2.32442,48.86138
2.29216048216642,48.8903802654139
2.43920953770918,48.8442319325566
2.23757011020717,48.848299809537
2.29214066582886,48.881830717501
2.34973214483098,48.8626318041594
2.38498139027809,48.8719562663553
2.27688168700671,48.8640767117056
2.29384801797407,48.8981970226357
2.40884245740696,48.8569749400317
2.34457514124358,48.8348671795975
2.4126027864677,48.8221431258046
2.25569933162912,48.8753602839083
2.39325537630921,48.8518182000139
2.35252665935551,48.897406787872
2.34001458544203,48.8910412326166
2.30112319174409,48.8704091350747
2.29204639669968,48.8305456694458
2.32642735247481,48.8795811656381
2.36852869997212,48.8219624410174
2.37606810031042,48.8350507158045
2.28320900001847,48.8432953588952
2.42740630276139,48.845719900926
2.29924407694599,48.8486563159052
2.32750599924383,48.8172449116699
2.26126351803174,48.8867049831048
2.36098941702293,48.839504424583
2.28548042091786,48.8335736182304
2.38488615344003,48.8543041778117
2.39598555362417,48.8779234119252
2.38022060626611,48.8285952838574
2.34939999975017,48.8612620697647
2.28639449692504,48.8635464034458
2.32232932086804,48.8771119187665
2.39874566494855,48.8315881251744
2.2872501634709,48.8506147509061
2.38179770265078,48.8580019060234
2.30047686504791,48.8193391584096
2.30431544671583,48.8700703391143
2.35697189328747,48.812012814287
2.26383419115296,48.8402193380741
2.34433354527384,48.8602451945326
2.33164772290665,48.8525574216674
2.31483827949527,48.8607699579973
2.33239459292958,48.8467209825734
2.41508139483442,48.8439490640318
2.27487529834497,48.8707532840488
2.32517538941275,48.8491399032183
2.34396901704276,48.906304806068
2.32943142194585,48.8647936661262
2.35611908299182,48.8768669057798
2.35805056573641,48.9093300218896
2.39498124008662,48.8203221836761
2.34949778985778,48.845062256378
2.34081188215241,48.8313666800046
2.39528946179638,48.8890400680668
2.33829010585079,48.871446353921
2.39946145198278,48.8756361807115
2.31272739021446,48.8426508046409
2.35766368561921,48.8720836088694
2.33530123747169,48.9013270326018
2.31046623803085,48.8363338618169
2.27355626496537,48.8476657100294
2.37055463986152,48.8568704677583
2.38637027856876,48.8323083893665
2.33484632755027,48.8634970199637
2.33149745979217,48.9057350760539
2.28460760756774,48.8511672406797
2.34155507782723,48.8629981667678
2.30622856572988,48.9036210121559
2.34827493630495,48.9025532782227
2.36087834343166,48.8527259721895
2.37433200085619,48.8289747443296
2.30990049821369,48.8971098501329
2.32331344598022,48.8301471957921
2.38372328828755,48.8515320053401
2.29404143328216,48.8444259195454
2.33550466500983,48.8516596929124
2.33911372289969,48.8537510734679
2.34738272948295,48.8224559476497
2.36862871574876,48.879332174655
2.40590731701789,48.8477249689847
2.34810865477735,48.8311217750692
2.30322242397478,48.8706901579086
2.34192394486641,48.8447302561321
2.34701133583386,48.8886197164506
2.26099177209953,48.8842989293728
2.36507858638901,48.8199419656772
2.2340164013498,48.832274660165
2.34488440621221,48.8826334843108
2.39986827742879,48.8469643595031
2.30885001546654,48.8341171478377
2.33784843717954,48.8495800021863
2.32247847786469,48.8987737928043
2.38547848656484,48.8351380506895
2.34506844014476,48.8650219458101
2.30927479982717,48.8265029331101
2.36932253040752,48.8665160798211
2.32444156513947,48.8428422780744
2.37243237603422,48.8180022698238
2.37685300056202,48.8805744614225
2.35247243722336,48.8427350429896
2.39724999059738,48.8425771005154
2.31731325811074,48.8926339214324
2.33979989931612,48.8766221203731
2.34413776324567,48.8527056477051
2.31587630834637,48.8737604721401
2.27244864764647,48.864411409459
2.33881229702936,48.8844823927275
2.41100303588006,48.87354903514
2.3282908220517,48.8356804441726
2.35670842076066,48.8315826437749
2.31844743104898,48.8244897024567
2.35218489482655,48.8750340562449
2.34914749353609,48.8792233706285
2.27312852713658,48.8609983661382
2.31071441900949,48.8967873958996
2.37469338894231,48.882700644222
2.34265739289121,48.8529304105913
2.33051356484027,48.9025922416309
2.33598303046652,48.8375492921975
2.39999842013299,48.8239632522869
2.29662648341284,48.8993483537726
2.37120861796012,48.8634319896359
2.32036786584418,48.8877723254283
2.37773843365762,48.8226328422322
2.31686114315115,48.8881869858103
2.38422247271259,48.8703936716038
2.39622289098869,48.8673622971658
2.40908765272598,48.896331931661
2.40335131100078,48.8627264627457
2.36023184075509,48.8259701363971
2.35870121787832,48.821159320801
2.32956021945824,48.878113787876
2.291540507949,48.8392220977623
2.39307555827447,48.8505070118419
2.39253252663266,48.855943779581
2.33599967730057,48.824767102597
2.29858466343129,48.8837697332735
2.3013031383076,48.8761403982639
2.33559960389384,48.8639796551511
2.32440044543717,48.8879013455305
2.27246948291569,48.8510048746653
2.33729688973794,48.8401089566606
2.40476969112948,48.8766039189276
2.40509982632364,48.8446346262977
2.40242616223891,48.8538689676649
2.37902058776143,48.8564337069437
2.36310607357747,48.824695995415
2.41890759472368,48.8360886795229
2.30856953502856,48.9006603494266
2.26439411807511,48.8409629526469
2.29929600386146,48.8781888764185
2.32329134120854,48.8920640862454
2.34751796660457,48.8937342775359
2.32568193588915,48.855461735956
2.28851804786494,48.8781552978974
2.30662083490235,48.8696161948985
2.30969422141951,48.8774556768138
2.40140070766687,48.8451282937943
2.30242621884156,48.8695179793442
2.3294234940009,48.872190251401
2.32252897509438,48.8889616185588
2.32088679076093,48.8153882203973
2.32272736705483,48.8959141175001
2.32777869011861,48.8741790240302
2.34187980231063,48.8841632664746
2.40324031836662,48.8836202338437
2.41112578185621,48.8621619807001
2.30186596838429,48.8360583938563
2.31888210120735,48.8308871745524
2.28886639604116,48.8713610397756
2.31328440539719,48.8836882175122
2.38721708537201,48.8549638003352
2.33297651156431,48.8742844754207
2.30052833004389,48.8581690434843
2.33461773564066,48.8852579713485
2.31973055992978,48.8903299891204
2.30230766886348,48.8432773300352
2.35424653463425,48.8298753726595
2.37908134343237,48.8439491758425
2.39054639061998,48.8556031620258
2.37427650923615,48.8771241776674
2.37850015613849,48.8887900267753
2.29671030093086,48.8514541821274
2.38395086342048,48.8108458645646
2.35461598268321,48.8436748454376
2.3680256126088,48.9031834065108
2.23701147134366,48.8456381388333
2.40052566855206,48.8399887889119
2.33342838187589,48.8437344687794
2.4103900081973,48.8473310531154
2.34011963243656,48.8928952839678
2.33267222747508,48.8331407992471
2.41097245166824,48.844373193657
2.28758230704361,48.837970342012
2.30659853411182,48.8566411001182
2.33973140108694,48.8688516893722
2.36351,48.86707
2.31917665758013,48.9036767022563
2.38128260110279,48.8689406428553
2.33264836384539,48.8872746426427
2.317377,48.833139
2.37402723561374,48.8522552900425
2.35303458295142,48.8286028908451
2.33405446193933,48.8705089372039
2.37267,48.90162
2.29668168569178,48.8479921934615
2.29323415107242,48.8859131282562
2.3215,48.8337
2.31019378796476,48.8653462693627
2.40398083637749,48.8650008184765
2.35326018374091,48.8185744158395
2.41346357648683,48.8336548528303
2.33978496750702,48.8777706953468
2.32444878951907,48.841156216483
2.38570767221767,48.847296310645
2.31712992065507,48.9014601567539
2.34631937162712,48.8829110895394
2.41616066183218,48.8794000532367
2.41052290977911,48.8529196799573
2.28970534822202,48.8538440543335
2.40820345430209,48.8727472690362
2.40263674939916,48.8329341936998
2.3917391737763,48.8721573799357
2.25693953740163,48.8452443138735
2.36499787715513,48.9057454676545
2.36593915312716,48.8477251256688
2.39895960233165,48.8706826338446
2.31012053654976,48.8881856419326
2.41430751511129,48.8894858401957
2.29515206744623,48.8836391538993
2.4059603311549,48.875412421861
2.32946561170083,48.8729712519271
2.35021728097635,48.8579996433149
2.33378329803361,48.83055599941
2.31979392397255,48.876201162155
2.34899551804935,48.8700006171965
2.3571084495564,48.8381516080866
2.32255164001816,48.8378836277624
2.29500791364336,48.8548517488353
2.24084666482118,48.8379982952818
2.34357357573301,48.8497703706033
2.28285990897973,48.8658554963631
2.3477020211411,48.8635670471195
2.35817289646248,48.8104774996005
2.35415909595825,48.8790493107602
2.3362665239128,48.8934003929819
2.36243021298228,48.8512714820934
2.41014549656392,48.8469890699831
2.32293685710795,48.8234163005029
2.28861234498402,48.8865709933524
2.28990664645753,48.8481703413652
2.3917546141943,48.8492592621152
2.24966529828803,48.8234505470138
2.34132491601157,48.8462392817034
2.38499975689617,48.8933800500227
2.33443342122379,48.8664835145089
2.34436612844611,48.8594623892453
2.36498,48.868
2.37342454193056,48.8551062954047
2.31760933938696,48.834254627953
2.33626263901659,48.8827280905451
2.31775657923202,48.8445759639333
2.27895982496994,48.8779308171611
2.32328899479171,48.8704218834336
2.40587672301108,48.8266572063246
2.33081707438869,48.8516478481427
2.34607682591354,48.8509772297936
2.35084459528783,48.8661457465286
2.39609349532184,48.8541760404149
2.38943590833061,48.8740924809158
2.30769160565034,48.8672932362145
2.28369238080642,48.8367094964901
2.41827234236864,48.8277252370476
2.32755154921057,48.8502410871957
2.47946426870908,48.8364811291818
2.39607900820668,48.8971300530746
2.35932361343062,48.87326784117
2.32481980780448,48.900889626876
2.30225034417595,48.8616404995762
2.36688624824086,48.8870212034388
2.32620717538549,48.8833180443546
2.33930672198142,48.8437569813016
2.37040616152132,48.8461880014649
2.31452160564086,48.8871404518667
2.29373210016993,48.8755384211021
2.37601991201957,48.865307984235
2.27534656855531,48.8617203290273
2.39976238598127,48.8483646677768
2.29546490651511,48.8404161884088
2.26750468357477,48.863757931035
2.45223739659609,48.846961260175
2.29500037013538,48.8908603228911
2.31311786729747,48.8404004036544
2.34174799515786,48.8570916352182
2.31702986373133,48.8155296336784
2.38146031918422,48.8169297205612
2.30748756441945,48.8715127415192
2.36842906992905,48.8555013577017
2.29078138011482,48.8674118657137
2.26009698393187,48.8830266591596
2.34498648211052,48.8909223829679
2.29307702985722,48.8528046049403
2.38505201824411,48.9101436710038
2.40042185204211,48.8609593322922
2.34413928594718,48.8846916064055
2.3268034898348,48.8928229630235
2.25700586730089,48.8331749589101
2.31082038170894,48.9055031145346
2.40875842782218,48.8602401209524
2.32300304092451,48.8203236461268
2.35638115487306,48.8559658562102
2.3734047671616,48.8814473211034
2.35721535750811,48.8258394606982
2.32220602534734,48.8841012931631
2.34904085503439,48.8836531972476
2.39482500935471,48.8561673795634
2.36114143657489,48.8709999898214
2.2579725727069,48.8375552600146
2.33326337274818,48.8823532598454
2.33798086770167,48.8733462751051
2.39090936806714,48.8141405375024
2.37026248225988,48.881472498481
2.34439302185395,48.876719895109
2.33738964850196,48.9053622514168
2.38221733705041,48.8377214589821
2.37123198668192,48.832570718038
2.36362521455299,48.8819972099902
2.47037545126883,48.8361258429824
2.27769726944862,48.8513599125815
2.37606009168572,48.8243428568592
2.280439719993,48.852933160467
2.28538067947359,48.8802336276132
2.36547,48.86681
2.32831574261618,48.8727950198726
2.30316988762781,48.8117498213108
2.35480947270066,48.8319963691693
2.31339164711325,48.8342592499304
2.30328866612515,48.8735553344888
2.32013127690393,48.8613738909426
2.29757200598215,48.8448064217359
2.34857246170222,48.8354807189661
2.30547863419572,48.8549511680067
2.47240877487039,48.8463028606941
2.35245427549219,48.8504580091884
2.39463039871545,48.8403027449996
2.3769293605928,48.8468151323297
2.35352156501111,48.870893425956
2.34079466687066,48.8384318254917
2.31577971341003,48.8668438032522
2.38659328921,48.8592429763213
2.32504267091704,48.8228575017159
2.2957894803159,48.8346588627927
2.27510833205623,48.8434172323859
2.30549744426064,48.8842894403224
2.22797877475429,48.8406492985733
2.36989638366668,48.8713798742566
2.3490573929687,48.8904511209648
2.36517760348358,48.8269001997157
2.31945401006142,48.854268334051
2.31138,48.86269
2.3429634773099,48.8992688633167
2.41845500423476,48.8244077675626
2.32028123421063,48.8734861693498
2.35997004960728,48.8684999417127
2.28813601437951,48.8887627777124
2.34675666754872,48.8598963144415
2.38756433493207,48.8408694597024
2.28201558962579,48.8834980819484
2.37153681066394,48.8694696053287
2.37483435116481,48.8797752488603
2.33994730756525,48.8552968986033
2.3109360795034,48.838758813497
2.32217124868867,48.9052696293797
2.35432769737758,48.8696791244594
2.34352359155475,48.8756396718174
2.40568863716159,48.8615729587877
2.35297018360202,48.8496904113704
2.23449077993291,48.8305862961605
2.38609972037216,48.8775162568658
2.35446313115058,48.8795777185263
2.35660934144383,48.8615811577309
2.41041111584463,48.8644236485659
2.32668,48.87572
2.36091490832055,48.8761560542715
2.34721103753866,48.885301621904
2.34558558413486,48.8957969797804
2.24882139108772,48.8258469346999
2.37660562531241,48.8419071533337
2.3641633298742,48.8843481513331
2.3791437423026,48.9111048097348
2.39711155264951,48.8347058597417
2.30751971008248,48.9081103829934
2.35685562752928,48.8861146679681
2.37825584151286,48.8642116747038
2.38609537399646,48.8743491365289
2.348552018117,48.8416327086177
2.3025031605813,48.9051370039685
2.33817871442611,48.8896779050281
2.3794073625991,48.8764996541268
2.35687734066973,48.8390782642497
2.28538759483169,48.8311001872726
2.35229546677958,48.8945417158497
2.38113380224631,48.8959473685135
2.33015352476927,48.8539423091614
2.29683625151337,48.8960510463765
2.27154090063084,48.8809394894464
2.34451387633789,48.8737819405933
2.31669,48.86314
2.35848245779223,48.9085867169525
2.32524904508358,48.8662852211561
2.39039812238911,48.8584450542619
2.38972897946738,48.8419236632765
2.35943293846641,48.8198946180614
2.34938004529103,48.853984144413
2.45196030630883,48.8497449569769
2.34856937338595,48.8775014652985
2.39209311990105,48.8847708580339
2.34986545092144,48.8954703703991
2.36682649962709,48.8348484529294
2.37380723799512,48.8744056662172
2.33535667793353,48.876383969379
2.32365883074314,48.8732044010289
2.34746333451965,48.8516511793671
2.40876290776467,48.8555864284787
2.38896041078391,48.8795614522371
2.33468965466247,48.8088003949934
2.31530968318177,48.8572901184631
2.28881972951317,48.823599644257
2.34925,48.86789
2.36925048358084,48.8513111874097
2.28827375263734,48.884341124663
2.38146466287791,48.8779512535706
2.40392806870812,48.8525667520338
2.30667557572067,48.8668876499781
2.32576033284601,48.8274269000825
2.31951002690117,48.8418071798797
2.27430852414491,48.858427696615
2.27016722527317,48.8905119134767
2.35339837968935,48.8471846411502
2.41554237210921,48.8525533927196
2.3252961178147,48.874823190321
2.33863632415865,48.8267039411835
2.36151933793529,48.8866656246684
2.39105149687865,48.9145061128239
2.32568062304452,48.8125109081987
2.33798034198275,48.8358677209948
2.31536303820296,48.8405958674037
2.41562220417951,48.863025492266
2.37593455801393,48.8294101345956
2.35233950656268,48.8819497431612
2.34628211166702,48.8645823774649
2.35944703194638,48.8624012119144
2.29482820074442,48.8814111012194
2.2765220890277,48.85940308194
2.28000841190413,48.8463837730034
2.32383474908838,48.8831039045822
2.3655856655756,48.8437904773204
2.32654113412794,48.8432954570368
2.33344522003119,48.8554999843907
2.31978793668935,48.8130809114454
2.33583135303774,48.8576156785647
2.40840547215674,48.8204038940088
2.28891416005662,48.8931946753649
2.2757256357312,48.8659832410243
2.3972537821957,48.8376141703795
2.35966114362647,48.8661372245834
2.37563652586722,48.8608207061192
2.37919974802492,48.8927099920707
2.32088453254631,48.8182337326032
2.28586265594394,48.8421443315782
2.32451663514648,48.8809353567738
2.40629610781658,48.8502852806358
2.33289782791384,48.8864568158288
2.3680844979417,48.8761373390584
2.40438010296342,48.8408998138283
2.28539562482839,48.8217026998931
2.30024954515728,48.8651944052956
2.43736866129498,48.857702134021
2.35634514417292,48.8210392869898
2.41486062800384,48.8583956785465
2.27158991198534,48.8400944467421
2.26513500874184,48.8829516253547
2.36612446185962,48.8405773029076
2.36021848094357,48.817312300432
2.30065445929164,48.8396350805619
2.36005308898532,48.8838493184415
2.43142108143656,48.8354449161742
2.36289742022954,48.8569541480553
2.30196122721326,48.8521362052255
2.2704086573957,48.8554848837201
2.26065982613763,48.8479502077943
2.3697912450764,48.8775200284906
2.27801857156773,48.8407143644436
2.34541268121351,48.8451434940088
2.34701005811449,48.857940092963
2.39612920044567,48.9072260126641
2.31835302141387,48.8295704047321
2.3989464480811,48.8653522420003
2.39552056485834,48.8473018000091
2.35040358782183,48.8299837107196
2.3851330976189,48.8680494102479
2.38979540953546,48.8685264710698
2.30694360566078,48.8138629635867
2.39791036643403,48.893800171035
2.3978962906105,48.8806060535742
2.41205801660568,48.8540232845259
2.31270712109741,48.8365662244334
2.31345860825423,48.8218356479179
2.37065026341858,48.8128905614968
2.2585765898837,48.8800796431116
2.26525382116,48.8484276136739
2.37420369005149,48.8456889755676
2.3380897822785,48.8682998892007
2.32557011172411,48.8742300555803
2.29195987246791,48.8189398642899
2.27225445406179,48.8237184776681
2.31090855294117,48.8849243588809
2.36249852869626,48.8741129165068
2.33802345038817,48.8966923877784
2.318624221125,48.859068394963
2.34224814466128,48.902499760458
2.3001865722682,48.8713453271035
2.38713395757371,48.8634111074047
2.35543071424475,48.8410800220159
2.376515,48.883777
2.33719063927171,48.8795052656248
2.33852013115178,48.862430234764
2.39721237628914,48.8394854026542
2.3070832166645,48.8850699436711
2.37375959552292,48.8880132814483
2.36120353875546,48.8550239990409
2.31127954341048,48.8162906770039
2.32851454623001,48.8492084999386
2.31025792753499,48.8572764982962
2.42619842213181,48.8488790190043
2.28574594430153,48.8664391603377
2.43256978184652,48.8574777899961
2.32696976462064,48.8104231700653
2.30141743604383,48.8290542164508
2.3405636863636,48.8672932628197
2.33668100429512,48.881149033953
2.40057659385414,48.8973289368289
2.34649965376297,48.8469867528133
2.27853571712278,48.8794413696326
2.39020968744529,48.8846620656053
2.3922846297885,48.8764683397331
2.34964963683273,48.8707743602404
2.35891268131767,48.841916179826
2.30289945996593,48.8214600797734
2.3499419916883,48.88519800938
2.42020915533382,48.8812154273023
2.37524034702615,48.8555128613223
2.351342,48.820507
2.39325582933415,48.9026916179814
2.29251910100415,48.864910448589
2.3682407194182,48.8525571174352
2.32026394678474,48.8430853174659
2.34075344805276,48.8732671375829
2.37863702192026,48.879275195696
2.362424,48.879305
2.24786255060931,48.834860810597
2.41831747656715,48.8435469599157
2.37519519672458,48.8645416268121
2.32648148621828,48.8748080249657
2.38654145443545,48.8863936794358
2.31647383591417,48.8854377308945
2.38186872950848,48.8946502499702
2.33720154784508,48.8718157373963
2.33084994902851,48.883207841228
2.34077441211784,48.8810321490163
2.37883847406415,48.9078857572667
2.36346863686007,48.8418361736006
2.30945355091418,48.8612730162781
2.35047619893454,48.8157687919839
2.33438844825187,48.866810653323
2.36374844464159,48.8431581782293
2.33107516002003,48.8801539858598
2.36495138689375,48.8621322349716
2.29623845050552,48.8470986841305
2.29784000737435,48.9024924515185
2.37985561062796,48.8731526238582
2.30254918238593,48.8649209825384
2.2810707552159,48.8424414521891
2.37237538905974,48.8363622523975
2.41001354040084,48.8237840896708
2.34219822806774,48.8508336544035
2.41189997788677,48.8785903488281
2.28414229739467,48.8347683793419
2.37220322485639,48.8718258899262
2.31914905257935,48.8578291107092
2.33378529042961,48.8211117704922
2.33992642818773,48.8201501077581
2.29078141127921,48.8856174162832
2.34993205295774,48.8389938245432
2.264277072081,48.8573821279933
2.29149818491263,48.8794928867271
2.35872446227434,48.8707649818776
2.30083026142352,48.8704378053506
2.28368266166977,48.8817256596674
2.3344654618827,48.8533052775947
2.30127460931682,48.8681659405583
2.36811752799007,48.8812681639529
2.23349677554428,48.8415970289018
2.30232873769119,48.8322073451848
2.33811850514438,48.8751437349467
2.398472,48.8571433920909
2.29614960098594,48.8681445104821
2.36471499209919,48.8581589567786
2.40798991938787,48.8840012644345
2.34210421455797,48.8212276633185
2.3325151052685,48.8691131525953
2.30766254015219,48.8704819385523
2.34016976701762,48.8634305019412
2.33614655720435,48.8307232145836
2.34418192298955,48.816258257226
2.36506,48.83742
2.32013366143527,48.8995382830581
2.35451144563739,48.8773560576523
2.31888535397443,48.8947686246963
2.30346740668713,48.8794303755264
2.41563660714614,48.8464193692794
2.38090637715497,48.8638251743415
2.37077448805521,48.889351453487
2.27534258685029,48.8296843300915
2.37107452298013,48.8833973385453
2.35574549999879,48.8456168785096
2.32786165330247,48.8223409659341
2.32931936321666,48.8315066756746
2.32245193747358,48.8437488891639
2.23981899697253,48.8400232565214
2.30655861557466,48.8435427350063
2.45923941480648,48.8150500061974
2.38058363232369,48.8525290003959
2.35328134461219,48.8562467217007
2.38301344041578,48.8666176586814
2.37587011170625,48.8507358241288
2.38130190492353,48.8611944193302
2.31332063650202,48.9026151938404
2.26572414789506,48.8450971265317
2.34590581139442,48.8707827795368
2.37926432509034,48.8462687898039
2.34005523281748,48.8613894682984
2.40164810555835,48.8294214716652
2.35790788213517,48.8557966374038
2.37528131997492,48.9113936890419
2.34906350669476,48.8275643798787
2.3567967652049,48.8745750367803
2.30003439797788,48.88784949384
2.38420701355798,48.8142062847559
2.37434055460561,48.8371336894515
2.22599848496062,48.8675658061302
2.34316333438536,48.8707757572723
2.33341862941046,48.8835647448546
2.31840486278285,48.8779840275035
2.40182558580223,48.8374904465071
2.28147752241719,48.8681088868974
2.40565920320751,48.8227360120977
2.36773548985311,48.8248108408094
2.320284,48.881914
2.3795195277231,48.8402677248545
2.38444035460465,48.8283698938096
2.31986005477421,48.8821489456319
2.28151252252986,48.873568706869
2.31515852904734,48.8316397040626
2.37504430009485,48.8257129035196
2.36473249417403,48.8989027534366
2.36226176181459,48.8690917486947
2.2682573875257,48.8498691876412
2.44152044244532,48.8558103110105
2.24197549369391,48.8787068534676
2.35128866621987,48.8912138908447
2.32660601947681,48.8522416177073
2.29558692602025,48.8376768223316
2.35559159277857,48.8686364050255
2.39593262720854,48.8456092496701
2.31316505435543,48.8765999408354
2.37694379547211,48.8158473928145
2.29150817942673,48.8727991559924
2.26848357065151,48.8528612487169
2.3682297292435,48.8159110964669
2.3967191724427,48.8190127185084
2.32071409808913,48.8277462660758
2.38337541728036,48.8891549175744
2.42643449060982,48.8562845161864
2.36531295078023,48.8657450770948
2.41891236964504,48.8832402516454
2.27740638127753,48.8827499154713
2.30808901725357,48.84132050184
2.35592748653501,48.8594027196436
2.2460641515441,48.8379233147709
2.30175308699111,48.8458314196108
2.2325314324241,48.8355044075135
2.34312380336734,48.8465169205868
2.25101957152697,48.8210302528657
2.29250033145655,48.8250993292156
2.28002739530677,48.8575668897845
2.30411112453146,48.8870706075812
2.36628044396993,48.8711399497046
2.29317875432888,48.8565029776956
2.29863165411972,48.822528306004
2.36741586675015,48.8322724586395
2.3920204892863,48.8689101274487
2.30262194094114,48.835524753591
2.36926143825526,48.8646494198968
2.44498742533926,48.856811123071
2.24390053207907,48.8334736792722
2.27435453917683,48.8687784917848
2.25371998800725,48.8319998153979
2.40649821383289,48.8904846162374
2.39972858968972,48.8553551399868
2.32955509720774,48.8391991671584
2.28712226198256,48.8321794442604
2.35821834503044,48.8354057129538
2.36681968214097,48.8204951880497
2.41103061245363,48.8680343904319
2.32580902462503,48.859710104435
2.3726498446286,48.8455150897939
2.3772632368774,48.831244968449
2.31546549458492,48.8754572002448
2.27663033405161,48.8332198230209
2.39781447530757,48.8653941647232
2.34260946382472,48.8635805065176
2.33667963144424,48.8820702270344
2.32135967628095,48.8799571638376
2.38304117720418,48.8532893189507
2.27558058418559,48.8527869440996
2.36885639049963,48.8862334174298
2.2638163415461,48.8297433876783
2.29130063072414,48.8210499234595
2.30404056069809,48.8993596369799
2.25837365819895,48.8406103996637
2.30748584126749,48.8175597535818
2.32789740916414,48.8958094858029
2.40932246879487,48.8691543609174
2.24183519132459,48.8276004241283
2.24591146701462,48.8287531414365
2.38122061028933,48.8825914666889
2.41104629853209,48.8780992764359
2.32828818571664,48.8666980084735
2.40967010021591,48.8634696412222
2.38634884002286,48.8830298392804
2.31644964079872,48.881208332796
2.32540116669297,48.8325012787035
2.34679437435222,48.8131276479162
2.24168824710241,48.8349539796647
2.275283,48.872381
2.38959522721585,48.8443126084401
2.33048422584945,48.8767324989372
2.35980123859793,48.8750346558839
2.37169167797775,48.8441924078948
2.35128163668651,48.8702780785796
2.34478560298721,48.8778900149743
2.35837919245454,48.8793551031739
2.34720132952048,48.8489190079083
2.36601144898322,48.8774203430896
2.39822866728204,48.8642956961659
2.34270756197831,48.8637728320262
2.37294608846728,48.8941041403163
2.40983094179678,48.8255844310932
2.36912681571713,48.8295757268385
2.40799,48.86508
2.34539633898637,48.8798312251102
2.41984896873455,48.8894884200148
2.30974761560334,48.851294334589
2.41252957147218,48.8927196663313
2.28444435655372,48.8777500334188
2.46308263962204,48.8436743414425
2.3514643332019,48.880726685766
2.28103938100924,48.8362103614838
2.36105048709202,48.859846683207
2.42150447606237,48.8221758049375
2.35618336917992,48.8290320407132
2.31071465537424,48.8697088479524
2.25982139174208,48.8431044947352
2.35610946587772,48.8841411939677
2.39669061287625,48.8701364586824
2.38355399457147,48.858688774063
2.42793357977893,48.8739292000335
2.40151359730767,48.8516172049987
2.26780000825352,48.8851400530909
2.33155221673674,48.8417391612309
2.31748293063912,48.8372933093611
2.31067065346762,48.8253258700605
2.25065773963902,48.8282434941585
2.34626199853888,48.8821076343589
2.3117681757748,48.9104291257233
2.35222292160749,48.8462950317216
2.37513019905317,48.8072592805979
2.32612442031434,48.8879401639469
2.41930708875366,48.8528141913458
2.35943545490188,48.8926568919912
2.31388541994929,48.871476421301
2.38914764080955,48.8528886703649
2.31268832866208,48.8475022584009
2.40961536277553,48.853528685941
2.40442562517696,48.857129400355
2.27056809720919,48.8787208918302
2.30951238050775,48.8811619835771
2.28508993358479,48.8983400022724
2.28217321814299,48.8569864146289
2.29514141310447,48.8430763869499
2.40003874927036,48.8539232760832
2.2780724243682,48.8878010685929
2.38386933547444,48.8503797538799
2.351621,48.857232
2.34196743682721,48.8288402183865
2.38616492781374,48.8426477787005
2.37265142826551,48.8618048520715
2.35385267286824,48.80721112325
2.29991625786582,48.8740144756374
2.44469088782798,48.8477906644826
2.26293003910335,48.8526188461086
2.33744680420367,48.877872278318
2.38772449616336,48.8655408671001
2.33049351139917,48.8682170167744
2.37890136621104,48.8504400134045
2.36235441039212,48.8325270839729
2.32697330558684,48.8475178294419
2.34501583529859,48.8503104329245
2.34542945664599,48.8306240750937
2.32041739312382,48.8485776075611
2.34730323030246,48.8758218550307
2.35371355203341,48.8405086637125
2.27033837974637,48.838171310249
2.29852826567981,48.8717051913931
2.28189073657736,48.8638751312682
2.39781364218954,48.8903419552168
2.3586300645446,48.8764198136411
2.37289470306807,48.8570414504784
2.27854960082154,48.8274705017358
2.35609401864229,48.8753849055811
2.30014465995486,48.891834448211
2.26848387135299,48.8474984177169
2.39285038241429,48.822115343788
2.40057189442727,48.8957139498245
2.36050424484143,48.8901339874871
2.35190222528039,48.8438603532488
2.32648354096942,48.878034461504
2.26390460269214,48.8886487735565
2.32930394654529,48.8343907970068
2.41790976904234,48.8493118268378
2.34139499925739,48.8712422741664
2.34154133909222,48.8945309044796
2.28507454142023,48.87030612437
2.36285360426251,48.8895969708508
2.29559959844703,48.860897797941
2.39469266410605,48.8338217729227
2.26064598548978,48.8241259046209
2.34245001267819,48.8900229033925
2.28345759338342,48.8766926874369
2.32899674681117,48.8484688639545
2.35122216805235,48.8771003510981
2.32629368931643,48.886627148561
2.36982957957202,48.8843161806472
2.40344426132457,48.8597776444599
2.31455352418705,48.8796064571805
2.40746868938648,48.8865269832675
2.28098948048455,48.8169399112916
2.42142994000703,48.8492303008648
2.30129338467014,48.8509146081717
2.35243051483852,48.8809557416478
2.35433694417225,48.8233161721775
2.33260968792188,48.8169809812593
2.41741043540351,48.8390304317692
2.35548939017387,48.8724299732571
2.3684008069604,48.8537973449702
2.30525444822057,48.8783613836142
2.26153081998725,48.8847072934378
2.33432733641793,48.8875730709534
2.38855666622239,48.8337086350797
2.30776682558527,48.8236534802546
2.38903816084755,48.8755503947562
2.38935041243347,48.8662951060021
2.3333936588044,48.8894963048682
2.24621423158067,48.8431766558771
2.38012665025372,48.8845807406891
2.28402369121817,48.8866813724989
2.30371658023458,48.8586517095264
2.42377059524055,48.8457792191646
2.23736244630457,48.8804708721965
2.35844205395494,48.9064693732438
2.27225043195652,48.8269297673693
2.28991872283876,48.8692602237345
2.27518841467119,48.8561507433887
2.32955851745478,48.8987600806539
2.35189147061665,48.8588289881925
2.35051773822251,48.88778177066
2.39826154064032,48.814660082168
2.32128942100679,48.8470300806263
2.35282005703121,48.8803706209829
2.36410705325463,48.8309574641457
2.27917948878684,48.8983498515127
2.30223912888456,48.8560593100747
2.37098437423996,48.8600393112308
2.36933707496693,48.8658042766864
2.37933010909776,48.8988301928079
2.34399649933778,48.8974884597493
2.24772065,48.884478
2.40238243434276,48.8147064321348
2.33053754038185,48.8227824420434
2.37053233098557,48.8390842183095
2.4273903107203,48.8584596543173
2.37722985857134,48.8621350384716
2.30853184382216,48.8383124746242
2.28740045741175,48.8146796588863
2.29346711912861,48.835981004456
2.26174638604114,48.8620818670338
2.32933775588718,48.8447992885877
2.31829155159271,48.841325259808
2.27761872722319,48.8936146524531
2.3228843657519,48.8753531744647
2.41802965968678,48.8939437131899
2.33816169513405,48.8517513744589
2.40317936796956,48.8817697938583
2.32424057814409,48.8461298915485
2.31400041122298,48.8824022854016
2.26863109328801,48.8226783671367
2.38613316870034,48.8335083324574
2.32117350214306,48.8212167896893
2.35750068368611,48.915198642437
2.26073641334576,48.8209551078801
2.27827419306183,48.838633871536
2.36393331138036,48.8716626619994
2.35321307162406,48.8866670263751
2.33529683976619,48.8733858054295
2.35346813513375,48.8350927878239
2.36613637424997,48.864420141732
2.41323987955004,48.8733382252365
2.3673523287996,48.8612050519343
2.37635844943123,48.848175129981
2.34196093795567,48.8622387170472
2.29828646679923,48.885263313654
2.24921698799858,48.8750959378951
2.33671040254529,48.8063800102974
2.32680686990588,48.8219553064561
2.33172937899415,48.8275252920069
2.3535733726386,48.8883242184522
2.35690495841521,48.8796393529952
2.29258752254824,48.8281749363659
2.32383843778942,48.8583186469038
2.32641286939819,48.8250308529253
2.42444580801107,48.8537596163359
2.4009277881277,48.8348126298254
2.33130360086039,48.8368508158421
2.3654696281062,48.8232196831694
2.38612000821051,48.8984900530738
2.33208283587176,48.914188312399
2.35258144286207,48.8614190722232
2.30567210645885,48.827989487366
2.39503998122068,48.8694128911613
2.22218923568078,48.8431262059669
2.37471951679563,48.8867988117734
2.22958935220659,48.8709204876336
2.34230264572554,48.8602470954154
2.34217680800433,48.8260351660585
2.38307245237446,48.8563171780307
2.32442963049651,48.8690900883376
2.36180984825322,48.8123678293798
2.41602296002108,48.8470644175254
2.39446858113767,48.8651864128494
2.3604603364768,48.8377276874543
2.32673569483929,48.8910830402956
2.33056741757715,48.8655711428242
2.26211277356597,48.845182081538
2.34369843072095,48.8791617777755
2.36021557266432,48.8845700631631
2.31618388672946,48.8477698568288
2.314629747785,48.8111018377725
2.43989289938624,48.8482577527293
2.33141820471457,48.858942986179
